ts,videoBitrate,videoIndex,videoPendingIndex,videoPendingMaxIndex,videoMaxIndex,videoBufferLength,videoDroppedFrames,videoLatencyCount,videoLatency,videoDownloadCount,videoDownload,videoRatioCount,videoRatio,videoMtp,videoEtp,videoLiveLatency,videoPlaybackRate,audioBitrate,audioIndex,audioPendingIndex,audioPendingMaxIndex,audioMaxIndex,audioBufferLength,audioDroppedFrames,audioLatencyCount,audioLatency,audioDownloadCount,audioDownload,audioRatioCount,audioRatio,audioMtp,audioEtp,Throughput,audioLiveLatency,audioPlaybackRate
17254607279,2406,5,7,8,0,0,0,0,,0,,0,,0,0,0,1,0,0,0,0,0,0,0,0,,0,,0,,0,0,3524,0,1
17254607280,2406,5,7,8,0,0,0,0,,0,,0,,0,0,0,1,0,0,0,0,0,0,0,0,,0,,0,,0,0,3524,0,1
17254607281,2406,5,7,8,8,4.516,0,0,0.11 | 0.11 | 0.11,0,0.51 | 0.51 | 0.51,0,7.92 | 7.92 | 7.92,3.524,0.000,0,1,0,0,0,0,-1,0,0,0,,0,,0,,0,0,3524,0,1
17254607282,2406,5,7,8,8,4.516,0,0,0.11 | 0.11 | 0.11,0,0.51 | 0.51 | 0.51,0,7.92 | 7.92 | 7.92,3.524,0.000,0,1,0,0,0,0,-1,0,0,0,,0,,0,,0,0,3524,0,1
17254607283,2406,5,7,8,8,4.516,0,0,0.11 | 0.11 | 0.11,0,0.51 | 0.51 | 0.51,0,7.92 | 7.92 | 7.92,3.524,0.000,0,1,0,0,0,0,-1,0,0,0,,0,,0,,0,0,3524,0,1
17254607284,2406,5,7,8,8,4.516,0,0,0.11 | 0.11 | 0.11,0,0.51 | 0.51 | 0.51,0,7.92 | 7.92 | 7.92,3.524,0.000,0,1,0,0,0,0,-1,0,0,0,,0,,0,,0,0,3524,0,1
17254607285,2406,5,7,8,8,4.516,0,0,0.11 | 0.11 | 0.11,0,0.51 | 0.51 | 0.51,0,7.92 | 7.92 | 7.92,3.524,0.000,0,1,0,0,0,0,-1,0,0,0,,0,,0,,0,0,3524,0,1
17254607286,2406,5,7,8,8,4.516,0,0,0.11 | 0.11 | 0.11,0,0.51 | 0.51 | 0.51,0,7.92 | 7.92 | 7.92,3.524,0.000,0,1,0,0,0,0,-1,0,0,0,,0,,0,,0,0,3166,0,1
17254607287,2406,5,7,8,8,4.516,0,0,0.11 | 0.11 | 0.11,0,0.51 | 0.51 | 0.51,0,7.92 | 7.92 | 7.92,3.524,0.000,0,1,0,0,0,0,-1,0,0,0,,0,,0,,0,0,3166,0,1
17254607288,2406,5,7,8,8,4.516,0,0,0.11 | 0.11 | 0.11,0,0.51 | 0.51 | 0.51,0,7.92 | 7.92 | 7.92,3.524,0.000,0,1,0,0,0,0,-1,0,0,0,,0,,0,,0,0,3166,0,1
17254607289,2406,5,7,8,8,4.516,0,0,0.11 | 0.11 | 0.11,0,0.51 | 0.51 | 0.51,0,7.92 | 7.92 | 7.92,3.524,0.000,0,1,0,0,0,0,-1,0,0,0,,0,,0,,0,0,3166,0,1
17254607290,2406,5,7,8,8,4.516,0,0,0.11 | 0.11 | 0.11,0,0.51 | 0.51 | 0.51,0,7.92 | 7.92 | 7.92,3.524,0.000,0,1,0,0,0,0,-1,0,0,0,,0,,0,,0,0,3166,0,1
17254607291,2406,5,7,8,8,6.779,0,0,0.11 | 0.11 | 0.11,0,0.51 | 0.54 | 0.58,0,6.94 | 7.40 | 7.92,3.166,0.000,0,1,0,0,0,0,-1,0,0,0,,0,,0,,0,0,3166,0,1
17254607292,965,5,5,8,8,6.779,0,0,0.11 | 0.11 | 0.11,0,0.51 | 0.54 | 0.58,0,6.94 | 7.40 | 7.92,3.166,0.000,0,1,0,0,0,0,-1,0,0,0,,0,,0,,0,0,3166,0,1
17254607293,965,5,5,8,8,6.779,0,0,0.11 | 0.11 | 0.11,0,0.51 | 0.54 | 0.58,0,6.94 | 7.40 | 7.92,3.166,0.000,0,1,0,0,0,0,-1,0,0,0,,0,,0,,0,0,3166,0,1
17254607294,965,5,5,8,8,6.779,0,0,0.11 | 0.11 | 0.11,0,0.51 | 0.54 | 0.58,0,6.94 | 7.40 | 7.92,3.166,0.000,0,1,0,0,0,0,-1,0,0,0,,0,,0,,0,0,3166,0,1
17254607295,965,5,5,8,8,6.779,0,0,0.11 | 0.11 | 0.11,0,0.51 | 0.54 | 0.58,0,6.94 | 7.40 | 7.92,3.166,0.000,0,1,0,0,0,0,-1,0,0,0,,0,,0,,0,0,3166,0,1
17254607296,965,5,5,8,8,6.779,0,0,0.11 | 0.11 | 0.11,0,0.51 | 0.54 | 0.58,0,6.94 | 7.40 | 7.92,3.166,0.000,0,1,0,0,0,0,-1,0,0,0,,0,,0,,0,0,3166,0,1
17254607297,965,5,5,8,8,6.779,0,0,0.11 | 0.11 | 0.11,0,0.51 | 0.54 | 0.58,0,6.94 | 7.40 | 7.92,3.166,0.000,0,1,0,0,0,0,-1,0,0,0,,0,,0,,0,0,3166,0,1
17254607298,965,5,5,8,8,6.779,0,0,0.11 | 0.11 | 0.11,0,0.51 | 0.54 | 0.58,0,6.94 | 7.40 | 7.92,3.166,0.000,0,1,0,0,0,0,-1,0,0,0,,0,,0,,0,0,3166,0,1
17254607299,965,5,5,8,8,6.779,0,0,0.11 | 0.11 | 0.11,0,0.51 | 0.54 | 0.58,0,6.94 | 7.40 | 7.92,3.166,0.000,0,1,0,0,0,0,-1,0,0,0,,0,,0,,0,0,3166,0,1
17254607300,965,5,5,8,8,6.779,0,0,0.11 | 0.11 | 0.11,0,0.51 | 0.54 | 0.58,0,6.94 | 7.40 | 7.92,3.166,0.000,0,1,0,0,0,0,-1,0,0,0,,0,,0,,0,0,3166,0,1
17254607301,965,5,5,8,8,5.717,0,0,0.11 | 0.11 | 0.11,0,0.51 | 0.54 | 0.58,0,6.94 | 7.40 | 7.92,3.166,0.000,0,1,0,0,0,0,-1,0,0,0,,0,,0,,0,0,3166,0,1
17254607302,965,5,5,8,8,5.717,0,0,0.11 | 0.11 | 0.11,0,0.51 | 0.54 | 0.58,0,6.94 | 7.40 | 7.92,3.166,0.000,0,1,0,0,0,0,-1,0,0,0,,0,,0,,0,0,3166,0,1
17254607303,965,5,5,8,8,5.717,0,0,0.11 | 0.11 | 0.11,0,0.51 | 0.54 | 0.58,0,6.94 | 7.40 | 7.92,3.166,0.000,0,1,0,0,0,0,-1,0,0,0,,0,,0,,0,0,3166,0,1
17254607304,965,5,5,8,8,5.717,0,0,0.11 | 0.11 | 0.11,0,0.51 | 0.54 | 0.58,0,6.94 | 7.40 | 7.92,3.166,0.000,0,1,0,0,0,0,-1,0,0,0,,0,,0,,0,0,3166,0,1
17254607305,965,5,5,8,8,5.717,0,0,0.11 | 0.11 | 0.11,0,0.51 | 0.54 | 0.58,0,6.94 | 7.40 | 7.92,3.166,0.000,0,1,0,0,0,0,-1,0,0,0,,0,,0,,0,0,3166,0,1
17254607306,965,5,5,8,8,5.717,0,0,0.11 | 0.11 | 0.11,0,0.51 | 0.54 | 0.58,0,6.94 | 7.40 | 7.92,3.166,0.000,0,1,0,0,0,0,-1,0,0,0,,0,,0,,0,0,3166,0,1
17254607307,965,5,5,8,8,5.717,0,0,0.11 | 0.11 | 0.11,0,0.51 | 0.54 | 0.58,0,6.94 | 7.40 | 7.92,3.166,0.000,0,1,0,0,0,0,-1,0,0,0,,0,,0,,0,0,3166,0,1
17254607308,965,5,5,8,8,5.717,0,0,0.11 | 0.11 | 0.11,0,0.51 | 0.54 | 0.58,0,6.94 | 7.40 | 7.92,3.166,0.000,0,1,0,0,0,0,-1,0,0,0,,0,,0,,0,0,3166,0,1
17254607309,965,5,5,8,8,5.717,0,0,0.11 | 0.11 | 0.11,0,0.51 | 0.54 | 0.58,0,6.94 | 7.40 | 7.92,3.166,0.000,0,1,0,0,0,0,-1,0,0,0,,0,,0,,0,0,4203.666666666667,0,1
17254607310,965,5,5,8,8,5.717,0,0,0.11 | 0.11 | 0.11,0,0.51 | 0.54 | 0.58,0,6.94 | 7.40 | 7.92,3.166,0.000,0,1,0,0,0,0,-1,0,0,0,,0,,0,,0,0,4203.666666666667,0,1
17254607311,965,5,5,8,8,9.454,0,0,0.11 | 0.11 | 0.11,0,0.51 | 1.10 | 2.21,0,1.81 | 3.64 | 7.92,4.204,0.000,0,1,0,0,0,0,-1,0,0,0,,0,,0,,0,0,4203.666666666667,0,1
17254607312,965,5,5,8,8,9.454,0,0,0.11 | 0.11 | 0.11,0,0.51 | 1.10 | 2.21,0,1.81 | 3.64 | 7.92,4.204,0.000,0,1,0,0,0,0,-1,0,0,0,,0,,0,,0,0,4203.666666666667,0,1
17254607313,965,5,5,8,8,9.454,0,0,0.11 | 0.11 | 0.11,0,0.51 | 1.10 | 2.21,0,1.81 | 3.64 | 7.92,4.204,0.000,0,1,0,0,0,0,-1,0,0,0,,0,,0,,0,0,4203.666666666667,0,1
17254607314,965,5,5,8,8,9.454,0,0,0.11 | 0.11 | 0.11,0,0.51 | 1.10 | 2.21,0,1.81 | 3.64 | 7.92,4.204,0.000,0,1,0,0,0,0,-1,0,0,0,,0,,0,,0,0,4203.666666666667,0,1
17254607315,965,5,5,8,8,9.454,0,0,0.11 | 0.11 | 0.11,0,0.51 | 1.10 | 2.21,0,1.81 | 3.64 | 7.92,4.204,0.000,0,1,0,0,0,0,-1,0,0,0,,0,,0,,0,0,4203.666666666667,0,1
17254607316,965,5,5,8,8,9.454,0,0,0.11 | 0.11 | 0.11,0,0.51 | 1.10 | 2.21,0,1.81 | 3.64 | 7.92,4.204,0.000,0,1,0,0,0,0,-1,0,0,0,,0,,0,,0,0,5062.75,0,1
17254607317,965,5,5,8,8,9.454,0,0,0.11 | 0.11 | 0.11,0,0.51 | 1.10 | 2.21,0,1.81 | 3.64 | 7.92,4.204,0.000,0,1,0,0,0,0,-1,0,0,0,,0,,0,,0,0,5062.75,0,1
17254607318,965,5,5,8,8,9.454,0,0,0.11 | 0.11 | 0.11,0,0.51 | 1.10 | 2.21,0,1.81 | 3.64 | 7.92,4.204,0.000,0,1,0,0,0,0,-1,0,0,0,,0,,0,,0,0,5062.75,0,1
17254607319,965,7,5,8,8,9.454,0,0,0.11 | 0.11 | 0.11,0,0.51 | 1.10 | 2.21,0,1.81 | 3.64 | 7.92,4.204,0.000,0,1,0,0,0,0,-1,0,0,0,,0,,0,,0,0,5062.75,0,1
17254607320,965,7,5,8,8,9.454,0,0,0.11 | 0.11 | 0.11,0,0.51 | 1.10 | 2.21,0,1.81 | 3.64 | 7.92,4.204,0.000,0,1,0,0,0,0,-1,0,0,0,,0,,0,,0,0,5062.75,0,1
17254607321,965,7,5,8,8,11.857,0,0,0.11 | 0.14 | 0.21,0,0.39 | 0.92 | 2.21,0,1.81 | 4.34 | 10.20,5.063,0.000,0,1,0,0,0,0,-1,0,0,0,,0,,0,,0,0,5062.75,0,1
17254607322,965,7,5,8,8,11.857,0,0,0.11 | 0.14 | 0.21,0,0.39 | 0.92 | 2.21,0,1.81 | 4.34 | 10.20,5.063,0.000,0,1,0,0,0,0,-1,0,0,0,,0,,0,,0,0,5062.75,0,1
17254607323,965,7,5,8,8,11.857,0,0,0.11 | 0.14 | 0.21,0,0.39 | 0.92 | 2.21,0,1.81 | 4.34 | 10.20,5.063,0.000,0,1,0,0,0,0,-1,0,0,0,,0,,0,,0,0,5062.75,0,1
17254607324,965,7,5,8,8,11.857,0,0,0.11 | 0.14 | 0.21,0,0.39 | 0.92 | 2.21,0,1.81 | 4.34 | 10.20,5.063,0.000,0,1,0,0,0,0,-1,0,0,0,,0,,0,,0,0,5062.75,0,1
17254607325,965,7,5,8,8,11.857,0,0,0.11 | 0.14 | 0.21,0,0.39 | 0.92 | 2.21,0,1.81 | 4.34 | 10.20,5.063,0.000,0,1,0,0,0,0,-1,0,0,0,,0,,0,,0,0,5062.75,0,1
17254607326,965,7,5,8,8,11.857,0,0,0.11 | 0.14 | 0.21,0,0.39 | 0.92 | 2.21,0,1.81 | 4.34 | 10.20,5.063,0.000,0,1,0,0,0,0,-1,0,0,0,,0,,0,,0,0,5062.75,0,1
17254607327,965,7,5,8,8,11.857,0,0,0.11 | 0.14 | 0.21,0,0.39 | 0.92 | 2.21,0,1.81 | 4.34 | 10.20,5.063,0.000,0,1,0,0,0,0,-1,0,0,0,,0,,0,,0,0,5062.75,0,1
17254607328,965,7,5,8,8,11.857,0,0,0.11 | 0.14 | 0.21,0,0.39 | 0.92 | 2.21,0,1.81 | 4.34 | 10.20,5.063,0.000,0,1,0,0,0,0,-1,0,0,0,,0,,0,,0,0,5497.4,0,1
17254607329,965,7,5,8,8,11.857,0,0,0.11 | 0.14 | 0.21,0,0.39 | 0.92 | 2.21,0,1.81 | 4.34 | 10.20,5.063,0.000,0,1,0,0,0,0,-1,0,0,0,,0,,0,,0,0,5497.4,0,1
17254607330,965,7,5,8,8,11.857,0,0,0.11 | 0.14 | 0.21,0,0.39 | 0.92 | 2.21,0,1.81 | 4.34 | 10.20,5.063,0.000,0,1,0,0,0,0,-1,0,0,0,,0,,0,,0,0,5497.4,0,1
17254607331,965,7,5,8,8,15.485,0,0,0.11 | 0.14 | 0.21,0,0.39 | 0.94 | 2.21,0,1.81 | 4.25 | 10.20,5.497,0.000,0,1,0,0,0,0,-1,0,0,0,,0,,0,,0,0,5497.4,0,1
17254607332,965,7,5,8,8,15.485,0,0,0.11 | 0.14 | 0.21,0,0.39 | 0.94 | 2.21,0,1.81 | 4.25 | 10.20,5.497,0.000,0,1,0,0,0,0,-1,0,0,0,,0,,0,,0,0,5497.4,0,1
17254607333,965,7,5,8,8,15.485,0,0,0.11 | 0.14 | 0.21,0,0.39 | 0.94 | 2.21,0,1.81 | 4.25 | 10.20,5.497,0.000,0,1,0,0,0,0,-1,0,0,0,,0,,0,,0,0,5497.4,0,1
17254607334,965,7,5,8,8,15.485,0,0,0.11 | 0.14 | 0.21,0,0.39 | 0.94 | 2.21,0,1.81 | 4.25 | 10.20,5.497,0.000,0,1,0,0,0,0,-1,0,0,0,,0,,0,,0,0,5497.4,0,1
17254607335,965,7,5,8,8,15.485,0,0,0.11 | 0.14 | 0.21,0,0.39 | 0.94 | 2.21,0,1.81 | 4.25 | 10.20,5.497,0.000,0,1,0,0,0,0,-1,0,0,0,,0,,0,,0,0,5497.4,0,1
17254607336,965,7,5,8,8,15.485,0,0,0.11 | 0.14 | 0.21,0,0.39 | 0.94 | 2.21,0,1.81 | 4.25 | 10.20,5.497,0.000,0,1,0,0,0,0,-1,0,0,0,,0,,0,,0,0,5497.4,0,1
17254607337,965,7,5,8,8,15.485,0,0,0.11 | 0.14 | 0.21,0,0.39 | 0.94 | 2.21,0,1.81 | 4.25 | 10.20,5.497,0.000,0,1,0,0,0,0,-1,0,0,0,,0,,0,,0,0,5497.4,0,1
17254607338,965,7,5,8,8,15.485,0,0,0.11 | 0.14 | 0.21,0,0.39 | 0.94 | 2.21,0,1.81 | 4.25 | 10.20,5.497,0.000,0,1,0,0,0,0,-1,0,0,0,,0,,0,,0,0,5497.4,0,1
17254607339,965,7,5,8,8,15.485,0,0,0.11 | 0.14 | 0.21,0,0.39 | 0.94 | 2.21,0,1.81 | 4.25 | 10.20,5.497,0.000,0,1,0,0,0,0,-1,0,0,0,,0,,0,,0,0,5497.4,0,1
17254607340,965,7,5,8,8,15.485,0,0,0.11 | 0.14 | 0.21,0,0.39 | 0.94 | 2.21,0,1.81 | 4.25 | 10.20,5.497,0.000,0,1,0,0,0,0,-1,0,0,0,,0,,0,,0,0,5497.4,0,1
17254607341,965,7,5,8,8,14.532,0,0,0.11 | 0.14 | 0.21,0,0.39 | 0.94 | 2.21,0,1.81 | 4.25 | 10.20,5.497,0.000,0,1,0,0,0,0,-1,0,0,0,,0,,0,,0,0,5497.4,0,1
17254607342,965,7,5,8,8,14.532,0,0,0.11 | 0.14 | 0.21,0,0.39 | 0.94 | 2.21,0,1.81 | 4.25 | 10.20,5.497,0.000,0,1,0,0,0,0,-1,0,0,0,,0,,0,,0,0,5497.4,0,1
17254607343,965,7,5,8,8,14.532,0,0,0.11 | 0.14 | 0.21,0,0.39 | 0.94 | 2.21,0,1.81 | 4.25 | 10.20,5.497,0.000,0,1,0,0,0,0,-1,0,0,0,,0,,0,,0,0,5497.4,0,1
17254607344,965,7,5,8,8,14.532,0,0,0.11 | 0.14 | 0.21,0,0.39 | 0.94 | 2.21,0,1.81 | 4.25 | 10.20,5.497,0.000,0,1,0,0,0,0,-1,0,0,0,,0,,0,,0,0,5497.4,0,1
17254607345,965,7,5,8,8,14.532,0,0,0.11 | 0.14 | 0.21,0,0.39 | 0.94 | 2.21,0,1.81 | 4.25 | 10.20,5.497,0.000,0,1,0,0,0,0,-1,0,0,0,,0,,0,,0,0,5497.4,0,1
17254607346,965,7,5,8,8,14.532,0,0,0.11 | 0.14 | 0.21,0,0.39 | 0.94 | 2.21,0,1.81 | 4.25 | 10.20,5.497,0.000,0,1,0,0,0,0,-1,0,0,0,,0,,0,,0,0,5497.4,0,1
17254607347,965,7,5,8,8,14.532,0,0,0.11 | 0.14 | 0.21,0,0.39 | 0.94 | 2.21,0,1.81 | 4.25 | 10.20,5.497,0.000,0,1,0,0,0,0,-1,0,0,0,,0,,0,,0,0,5497.4,0,1
17254607348,965,7,5,8,8,14.532,0,0,0.11 | 0.14 | 0.21,0,0.39 | 0.94 | 2.21,0,1.81 | 4.25 | 10.20,5.497,0.000,0,1,0,0,0,0,-1,0,0,0,,0,,0,,0,0,5497.4,0,1
17254607349,965,7,5,8,8,14.532,0,0,0.11 | 0.14 | 0.21,0,0.39 | 0.94 | 2.21,0,1.81 | 4.25 | 10.20,5.497,0.000,0,1,0,0,0,0,-1,0,0,0,,0,,0,,0,0,5497.4,0,1
17254607350,965,7,5,8,8,14.532,0,0,0.11 | 0.14 | 0.21,0,0.39 | 0.94 | 2.21,0,1.81 | 4.25 | 10.20,5.497,0.000,0,1,0,0,0,0,-1,0,0,0,,0,,0,,0,0,5497.4,0,1
17254607351,965,7,5,8,8,13.47,0,0,0.11 | 0.14 | 0.21,0,0.39 | 0.94 | 2.21,0,1.81 | 4.25 | 10.20,5.497,0.000,0,1,0,0,0,0,-1,0,0,0,,0,,0,,0,0,5497.4,0,1
17254607352,965,7,5,8,8,13.47,0,0,0.11 | 0.14 | 0.21,0,0.39 | 0.94 | 2.21,0,1.81 | 4.25 | 10.20,5.497,0.000,0,1,0,0,0,0,-1,0,0,0,,0,,0,,0,0,5497.4,0,1
17254607353,965,7,5,8,8,13.47,0,0,0.11 | 0.14 | 0.21,0,0.39 | 0.94 | 2.21,0,1.81 | 4.25 | 10.20,5.497,0.000,0,1,0,0,0,0,-1,0,0,0,,0,,0,,0,0,5497.4,0,1
17254607354,965,7,5,8,8,13.47,0,0,0.11 | 0.14 | 0.21,0,0.39 | 0.94 | 2.21,0,1.81 | 4.25 | 10.20,5.497,0.000,0,1,0,0,0,0,-1,0,0,0,,0,,0,,0,0,5497.4,0,1
17254607355,965,7,5,8,8,13.47,0,0,0.11 | 0.14 | 0.21,0,0.39 | 0.94 | 2.21,0,1.81 | 4.25 | 10.20,5.497,0.000,0,1,0,0,0,0,-1,0,0,0,,0,,0,,0,0,5497.4,0,1
17254607356,965,7,5,8,8,13.47,0,0,0.11 | 0.14 | 0.21,0,0.39 | 0.94 | 2.21,0,1.81 | 4.25 | 10.20,5.497,0.000,0,1,0,0,0,0,-1,0,0,0,,0,,0,,0,0,5497.4,0,1
17254607357,965,7,5,8,8,13.47,0,0,0.11 | 0.14 | 0.21,0,0.39 | 0.94 | 2.21,0,1.81 | 4.25 | 10.20,5.497,0.000,0,1,0,0,0,0,-1,0,0,0,,0,,0,,0,0,5497.4,0,1
17254607358,965,7,5,8,8,13.47,0,0,0.11 | 0.14 | 0.21,0,0.39 | 0.94 | 2.21,0,1.81 | 4.25 | 10.20,5.497,0.000,0,1,0,0,0,0,-1,0,0,0,,0,,0,,0,0,5497.4,0,1
17254607359,965,7,5,8,8,13.47,0,0,0.11 | 0.14 | 0.21,0,0.39 | 0.94 | 2.21,0,1.81 | 4.25 | 10.20,5.497,0.000,0,1,0,0,0,0,-1,0,0,0,,0,,0,,0,0,5497.4,0,1
17254607360,965,7,5,8,8,13.47,0,0,0.11 | 0.14 | 0.21,0,0.39 | 0.94 | 2.21,0,1.81 | 4.25 | 10.20,5.497,0.000,0,1,0,0,0,0,-1,0,0,0,,0,,0,,0,0,5497.4,0,1
17254607361,965,7,5,8,8,12.673,0,0,0.11 | 0.14 | 0.21,0,0.39 | 0.94 | 2.21,0,1.81 | 4.25 | 10.20,5.497,0.000,0,1,0,0,0,0,-1,0,0,0,,0,,0,,0,0,5497.4,0,1
17254607362,965,7,5,8,8,12.673,0,0,0.11 | 0.14 | 0.21,0,0.39 | 0.94 | 2.21,0,1.81 | 4.25 | 10.20,5.497,0.000,0,1,0,0,0,0,-1,0,0,0,,0,,0,,0,0,5497.4,0,1
17254607363,965,7,5,8,8,12.673,0,0,0.11 | 0.14 | 0.21,0,0.39 | 0.94 | 2.21,0,1.81 | 4.25 | 10.20,5.497,0.000,0,1,0,0,0,0,-1,0,0,0,,0,,0,,0,0,5497.4,0,1
17254607364,965,7,5,8,8,12.673,0,0,0.11 | 0.14 | 0.21,0,0.39 | 0.94 | 2.21,0,1.81 | 4.25 | 10.20,5.497,0.000,0,1,0,0,0,0,-1,0,0,0,,0,,0,,0,0,5497.4,0,1
17254607365,965,7,5,8,8,12.673,0,0,0.11 | 0.14 | 0.21,0,0.39 | 0.94 | 2.21,0,1.81 | 4.25 | 10.20,5.497,0.000,0,1,0,0,0,0,-1,0,0,0,,0,,0,,0,0,5497.4,0,1
17254607366,965,7,5,8,8,12.673,0,0,0.11 | 0.14 | 0.21,0,0.39 | 0.94 | 2.21,0,1.81 | 4.25 | 10.20,5.497,0.000,0,1,0,0,0,0,-1,0,0,0,,0,,0,,0,0,5497.4,0,1
17254607367,965,7,5,8,8,12.673,0,0,0.11 | 0.14 | 0.21,0,0.39 | 0.94 | 2.21,0,1.81 | 4.25 | 10.20,5.497,0.000,0,1,0,0,0,0,-1,0,0,0,,0,,0,,0,0,5497.4,0,1
17254607368,965,7,5,8,8,12.673,0,0,0.11 | 0.14 | 0.21,0,0.39 | 0.94 | 2.21,0,1.81 | 4.25 | 10.20,5.497,0.000,0,1,0,0,0,0,-1,0,0,0,,0,,0,,0,0,5497.4,0,1
17254607369,965,7,5,8,8,12.673,0,0,0.11 | 0.14 | 0.21,0,0.39 | 0.94 | 2.21,0,1.81 | 4.25 | 10.20,5.497,0.000,0,1,0,0,0,0,-1,0,0,0,,0,,0,,0,0,5497.4,0,1
17254607370,965,7,5,8,8,12.673,0,0,0.11 | 0.14 | 0.21,0,0.39 | 0.94 | 2.21,0,1.81 | 4.25 | 10.20,5.497,0.000,0,1,0,0,0,0,-1,0,0,0,,0,,0,,0,0,5497.4,0,1
17254607371,965,7,5,8,8,11.606,0,0,0.11 | 0.14 | 0.21,0,0.39 | 0.94 | 2.21,0,1.81 | 4.25 | 10.20,5.497,0.000,0,1,0,0,0,0,-1,0,0,0,,0,,0,,0,0,5497.4,0,1
17254607372,965,7,5,8,8,11.606,0,0,0.11 | 0.14 | 0.21,0,0.39 | 0.94 | 2.21,0,1.81 | 4.25 | 10.20,5.497,0.000,0,1,0,0,0,0,-1,0,0,0,,0,,0,,0,0,5497.4,0,1
17254607373,965,7,5,8,8,11.606,0,0,0.11 | 0.14 | 0.21,0,0.39 | 0.94 | 2.21,0,1.81 | 4.25 | 10.20,5.497,0.000,0,1,0,0,0,0,-1,0,0,0,,0,,0,,0,0,5497.4,0,1
17254607374,965,7,5,8,8,11.606,0,0,0.11 | 0.14 | 0.21,0,0.39 | 0.94 | 2.21,0,1.81 | 4.25 | 10.20,5.497,0.000,0,1,0,0,0,0,-1,0,0,0,,0,,0,,0,0,5497.4,0,1
17254607375,965,7,5,8,8,11.606,0,0,0.11 | 0.14 | 0.21,0,0.39 | 0.94 | 2.21,0,1.81 | 4.25 | 10.20,5.497,0.000,0,1,0,0,0,0,-1,0,0,0,,0,,0,,0,0,5497.4,0,1
17254607376,965,7,5,8,8,11.606,0,0,0.11 | 0.14 | 0.21,0,0.39 | 0.94 | 2.21,0,1.81 | 4.25 | 10.20,5.497,0.000,0,1,0,0,0,0,-1,0,0,0,,0,,0,,0,0,6770,0,1
17254607377,965,7,5,8,8,11.606,0,0,0.11 | 0.14 | 0.21,0,0.39 | 0.94 | 2.21,0,1.81 | 4.25 | 10.20,5.497,0.000,0,1,0,0,0,0,-1,0,0,0,,0,,0,,0,0,6770,0,1
17254607378,965,7,5,8,8,11.606,0,0,0.11 | 0.14 | 0.21,0,0.39 | 0.94 | 2.21,0,1.81 | 4.25 | 10.20,5.497,0.000,0,1,0,0,0,0,-1,0,0,0,,0,,0,,0,0,6770,0,1
17254607379,965,7,5,8,8,11.606,0,0,0.11 | 0.14 | 0.21,0,0.39 | 0.94 | 2.21,0,1.81 | 4.25 | 10.20,5.497,0.000,0,1,0,0,0,0,-1,0,0,0,,0,,0,,0,0,6770,0,1
17254607380,965,7,5,8,8,11.606,0,0,0.11 | 0.14 | 0.21,0,0.39 | 0.94 | 2.21,0,1.81 | 4.25 | 10.20,5.497,0.000,0,1,0,0,0,0,-1,0,0,0,,0,,0,,0,0,6770,0,1
17254607381,965,7,5,8,8,13.748,0,0,0.11 | 0.14 | 0.21,0,0.39 | 0.95 | 2.21,0,1.81 | 4.21 | 10.20,6.770,0.000,0,1,0,0,0,0,-1,0,0,0,,0,,0,,0,0,6770,0,1
17254607382,965,7,5,8,8,13.748,0,0,0.11 | 0.14 | 0.21,0,0.39 | 0.95 | 2.21,0,1.81 | 4.21 | 10.20,6.770,0.000,0,1,0,0,0,0,-1,0,0,0,,0,,0,,0,0,6770,0,1
17254607383,965,7,5,8,8,13.748,0,0,0.11 | 0.14 | 0.21,0,0.39 | 0.95 | 2.21,0,1.81 | 4.21 | 10.20,6.770,0.000,0,1,0,0,0,0,-1,0,0,0,,0,,0,,0,0,6770,0,1
17254607384,965,7,5,8,8,13.748,0,0,0.11 | 0.14 | 0.21,0,0.39 | 0.95 | 2.21,0,1.81 | 4.21 | 10.20,6.770,0.000,0,1,0,0,0,0,-1,0,0,0,,0,,0,,0,0,6770,0,1
17254607385,965,7,5,8,8,13.748,0,0,0.11 | 0.14 | 0.21,0,0.39 | 0.95 | 2.21,0,1.81 | 4.21 | 10.20,6.770,0.000,0,1,0,0,0,0,-1,0,0,0,,0,,0,,0,0,6770,0,1
17254607386,965,7,5,8,8,13.748,0,0,0.11 | 0.14 | 0.21,0,0.39 | 0.95 | 2.21,0,1.81 | 4.21 | 10.20,6.770,0.000,0,1,0,0,0,0,-1,0,0,0,,0,,0,,0,0,6770,0,1
17254607387,965,7,5,8,8,13.748,0,0,0.11 | 0.14 | 0.21,0,0.39 | 0.95 | 2.21,0,1.81 | 4.21 | 10.20,6.770,0.000,0,1,0,0,0,0,-1,0,0,0,,0,,0,,0,0,6770,0,1
17254607388,965,7,5,8,8,13.748,0,0,0.11 | 0.14 | 0.21,0,0.39 | 0.95 | 2.21,0,1.81 | 4.21 | 10.20,6.770,0.000,0,1,0,0,0,0,-1,0,0,0,,0,,0,,0,0,6770,0,1
17254607389,965,7,5,8,8,13.748,0,0,0.11 | 0.14 | 0.21,0,0.39 | 0.95 | 2.21,0,1.81 | 4.21 | 10.20,6.770,0.000,0,1,0,0,0,0,-1,0,0,0,,0,,0,,0,0,6770,0,1
17254607390,965,7,5,8,8,13.748,0,0,0.11 | 0.14 | 0.21,0,0.39 | 0.95 | 2.21,0,1.81 | 4.21 | 10.20,6.770,0.000,0,1,0,0,0,0,-1,0,0,0,,0,,0,,0,0,6770,0,1
17254607391,965,7,5,8,8,12.685,0,0,0.11 | 0.14 | 0.21,0,0.39 | 0.95 | 2.21,0,1.81 | 4.21 | 10.20,6.770,0.000,0,1,0,0,0,0,-1,0,0,0,,0,,0,,0,0,6770,0,1
17254607392,965,7,5,8,8,12.685,0,0,0.11 | 0.14 | 0.21,0,0.39 | 0.95 | 2.21,0,1.81 | 4.21 | 10.20,6.770,0.000,0,1,0,0,0,0,-1,0,0,0,,0,,0,,0,0,6770,0,1
17254607393,965,7,5,8,8,12.685,0,0,0.11 | 0.14 | 0.21,0,0.39 | 0.95 | 2.21,0,1.81 | 4.21 | 10.20,6.770,0.000,0,1,0,0,0,0,-1,0,0,0,,0,,0,,0,0,6770,0,1
17254607394,965,7,5,8,8,12.685,0,0,0.11 | 0.14 | 0.21,0,0.39 | 0.95 | 2.21,0,1.81 | 4.21 | 10.20,6.770,0.000,0,1,0,0,0,0,-1,0,0,0,,0,,0,,0,0,6770,0,1
17254607395,965,7,5,8,8,12.685,0,0,0.11 | 0.14 | 0.21,0,0.39 | 0.95 | 2.21,0,1.81 | 4.21 | 10.20,6.770,0.000,0,1,0,0,0,0,-1,0,0,0,,0,,0,,0,0,6770,0,1
17254607396,965,7,5,8,8,12.685,0,0,0.11 | 0.14 | 0.21,0,0.39 | 0.95 | 2.21,0,1.81 | 4.21 | 10.20,6.770,0.000,0,1,0,0,0,0,-1,0,0,0,,0,,0,,0,0,6770,0,1
17254607397,965,7,5,8,8,12.685,0,0,0.11 | 0.14 | 0.21,0,0.39 | 0.95 | 2.21,0,1.81 | 4.21 | 10.20,6.770,0.000,0,1,0,0,0,0,-1,0,0,0,,0,,0,,0,0,6770,0,1
17254607398,965,7,5,8,8,12.685,0,0,0.11 | 0.14 | 0.21,0,0.39 | 0.95 | 2.21,0,1.81 | 4.21 | 10.20,6.770,0.000,0,1,0,0,0,0,-1,0,0,0,,0,,0,,0,0,6770,0,1
17254607399,965,5,5,8,8,12.685,0,0,0.11 | 0.14 | 0.21,0,0.39 | 0.95 | 2.21,0,1.81 | 4.21 | 10.20,6.770,0.000,0,1,0,0,0,0,-1,0,0,0,,0,,0,,0,0,6770,0,1
17254607400,965,5,5,8,8,12.685,0,0,0.11 | 0.14 | 0.21,0,0.39 | 0.95 | 2.21,0,1.81 | 4.21 | 10.20,6.770,0.000,0,1,0,0,0,0,-1,0,0,0,,0,,0,,0,0,6770,0,1
17254607401,3843,5,8,8,8,11.888,0,0,0.11 | 0.14 | 0.21,0,0.39 | 0.95 | 2.21,0,1.81 | 4.21 | 10.20,6.770,0.000,0,1,0,0,0,0,-1,0,0,0,,0,,0,,0,0,6770,0,1
17254607402,3843,5,8,8,8,11.888,0,0,0.11 | 0.14 | 0.21,0,0.39 | 0.95 | 2.21,0,1.81 | 4.21 | 10.20,6.770,0.000,0,1,0,0,0,0,-1,0,0,0,,0,,0,,0,0,6770,0,1
17254607403,3843,5,8,8,8,11.888,0,0,0.11 | 0.14 | 0.21,0,0.39 | 0.95 | 2.21,0,1.81 | 4.21 | 10.20,6.770,0.000,0,1,0,0,0,0,-1,0,0,0,,0,,0,,0,0,6770,0,1
17254607404,3843,5,8,8,8,11.888,0,0,0.11 | 0.14 | 0.21,0,0.39 | 0.95 | 2.21,0,1.81 | 4.21 | 10.20,6.770,0.000,0,1,0,0,0,0,-1,0,0,0,,0,,0,,0,0,6770,0,1
17254607405,3843,5,8,8,8,11.888,0,0,0.11 | 0.14 | 0.21,0,0.39 | 0.95 | 2.21,0,1.81 | 4.21 | 10.20,6.770,0.000,0,1,0,0,0,0,-1,0,0,0,,0,,0,,0,0,6770,0,1
17254607406,3843,5,8,8,8,11.888,0,0,0.11 | 0.14 | 0.21,0,0.39 | 0.95 | 2.21,0,1.81 | 4.21 | 10.20,6.770,0.000,0,1,0,0,0,0,-1,0,0,0,,0,,0,,0,0,6770,0,1
17254607407,3843,5,8,8,8,11.888,0,0,0.11 | 0.14 | 0.21,0,0.39 | 0.95 | 2.21,0,1.81 | 4.21 | 10.20,6.770,0.000,0,1,0,0,0,0,-1,0,0,0,,0,,0,,0,0,6770,0,1
17254607408,3843,5,8,8,8,11.888,0,0,0.11 | 0.14 | 0.21,0,0.39 | 0.95 | 2.21,0,1.81 | 4.21 | 10.20,6.770,0.000,0,1,0,0,0,0,-1,0,0,0,,0,,0,,0,0,6770,0,1
17254607409,3843,5,8,8,8,11.888,0,0,0.11 | 0.14 | 0.21,0,0.39 | 0.95 | 2.21,0,1.81 | 4.21 | 10.20,6.770,0.000,0,1,0,0,0,0,-1,0,0,0,,0,,0,,0,0,6770,0,1
17254607410,3843,5,8,8,8,11.888,0,0,0.11 | 0.14 | 0.21,0,0.39 | 0.95 | 2.21,0,1.81 | 4.21 | 10.20,6.770,0.000,0,1,0,0,0,0,-1,0,0,0,,0,,0,,0,0,6770,0,1
17254607411,3843,5,8,8,8,10.821,0,0,0.11 | 0.14 | 0.21,0,0.39 | 0.95 | 2.21,0,1.81 | 4.21 | 10.20,6.770,0.000,0,1,0,0,0,0,-1,0,0,0,,0,,0,,0,0,6770,0,1
17254607412,3843,5,8,8,8,10.821,0,0,0.11 | 0.14 | 0.21,0,0.39 | 0.95 | 2.21,0,1.81 | 4.21 | 10.20,6.770,0.000,0,1,0,0,0,0,-1,0,0,0,,0,,0,,0,0,6770,0,1
17254607413,3843,5,8,8,8,10.821,0,0,0.11 | 0.14 | 0.21,0,0.39 | 0.95 | 2.21,0,1.81 | 4.21 | 10.20,6.770,0.000,0,1,0,0,0,0,-1,0,0,0,,0,,0,,0,0,6770,0,1
17254607414,3843,5,8,8,8,10.821,0,0,0.11 | 0.14 | 0.21,0,0.39 | 0.95 | 2.21,0,1.81 | 4.21 | 10.20,6.770,0.000,0,1,0,0,0,0,-1,0,0,0,,0,,0,,0,0,6770,0,1
17254607415,3843,5,8,8,8,10.821,0,0,0.11 | 0.14 | 0.21,0,0.39 | 0.95 | 2.21,0,1.81 | 4.21 | 10.20,6.770,0.000,0,1,0,0,0,0,-1,0,0,0,,0,,0,,0,0,6770,0,1
17254607416,3843,5,8,8,8,10.821,0,0,0.11 | 0.14 | 0.21,0,0.39 | 0.95 | 2.21,0,1.81 | 4.21 | 10.20,6.770,0.000,0,1,0,0,0,0,-1,0,0,0,,0,,0,,0,0,6770,0,1
17254607417,3843,5,8,8,8,10.821,0,0,0.11 | 0.14 | 0.21,0,0.39 | 0.95 | 2.21,0,1.81 | 4.21 | 10.20,6.770,0.000,0,1,0,0,0,0,-1,0,0,0,,0,,0,,0,0,6770,0,1
17254607418,3843,5,8,8,8,10.821,0,0,0.11 | 0.14 | 0.21,0,0.39 | 0.95 | 2.21,0,1.81 | 4.21 | 10.20,6.770,0.000,0,1,0,0,0,0,-1,0,0,0,,0,,0,,0,0,6770,0,1
17254607419,3843,5,8,8,8,10.821,0,0,0.11 | 0.14 | 0.21,0,0.39 | 0.95 | 2.21,0,1.81 | 4.21 | 10.20,6.770,0.000,0,1,0,0,0,0,-1,0,0,0,,0,,0,,0,0,6770,0,1
17254607420,3843,5,8,8,8,10.821,0,0,0.11 | 0.14 | 0.21,0,0.39 | 0.95 | 2.21,0,1.81 | 4.21 | 10.20,6.770,0.000,0,1,0,0,0,0,-1,0,0,0,,0,,0,,0,0,6770,0,1
17254607421,3843,5,8,8,8,9.763,0,0,0.11 | 0.14 | 0.21,0,0.39 | 0.95 | 2.21,0,1.81 | 4.21 | 10.20,6.770,0.000,0,1,0,0,0,0,-1,0,0,0,,0,,0,,0,0,6770,0,1
17254607422,3843,5,8,8,8,9.763,0,0,0.11 | 0.14 | 0.21,0,0.39 | 0.95 | 2.21,0,1.81 | 4.21 | 10.20,6.770,0.000,0,1,0,0,0,0,-1,0,0,0,,0,,0,,0,0,6770,0,1
17254607423,3843,5,8,8,8,9.763,0,0,0.11 | 0.14 | 0.21,0,0.39 | 0.95 | 2.21,0,1.81 | 4.21 | 10.20,6.770,0.000,0,1,0,0,0,0,-1,0,0,0,,0,,0,,0,0,6770,0,1
17254607424,3843,5,8,8,8,9.763,0,0,0.11 | 0.14 | 0.21,0,0.39 | 0.95 | 2.21,0,1.81 | 4.21 | 10.20,6.770,0.000,0,1,0,0,0,0,-1,0,0,0,,0,,0,,0,0,6770,0,1
17254607425,3843,5,8,8,8,9.763,0,0,0.11 | 0.14 | 0.21,0,0.39 | 0.95 | 2.21,0,1.81 | 4.21 | 10.20,6.770,0.000,0,1,0,0,0,0,-1,0,0,0,,0,,0,,0,0,6770,0,1
17254607426,3843,5,8,8,8,9.763,0,0,0.11 | 0.14 | 0.21,0,0.39 | 0.95 | 2.21,0,1.81 | 4.21 | 10.20,6.770,0.000,0,1,0,0,0,0,-1,0,0,0,,0,,0,,0,0,6770,0,1
17254607427,3843,5,8,8,8,9.763,0,0,0.11 | 0.14 | 0.21,0,0.39 | 0.95 | 2.21,0,1.81 | 4.21 | 10.20,6.770,0.000,0,1,0,0,0,0,-1,0,0,0,,0,,0,,0,0,6886.25,0,1
17254607428,3843,5,8,8,8,9.763,0,0,0.11 | 0.14 | 0.21,0,0.39 | 0.95 | 2.21,0,1.81 | 4.21 | 10.20,6.770,0.000,0,1,0,0,0,0,-1,0,0,0,,0,,0,,0,0,6886.25,0,1
17254607429,3843,5,8,8,8,9.763,0,0,0.11 | 0.14 | 0.21,0,0.39 | 0.95 | 2.21,0,1.81 | 4.21 | 10.20,6.770,0.000,0,1,0,0,0,0,-1,0,0,0,,0,,0,,0,0,6886.25,0,1
17254607430,3843,5,8,8,8,9.763,0,0,0.11 | 0.14 | 0.21,0,0.39 | 0.95 | 2.21,0,1.81 | 4.21 | 10.20,6.770,0.000,0,1,0,0,0,0,-1,0,0,0,,0,,0,,0,0,6886.25,0,1
17254607431,3843,5,8,8,8,8.701,0,0,0.11 | 0.14 | 0.21,0,0.39 | 1.00 | 2.42,0,1.65 | 3.99 | 10.20,6.886,0.000,0,1,0,0,0,0,-1,0,0,0,,0,,0,,0,0,6886.25,0,1
17254607432,3843,5,8,8,8,8.701,0,0,0.11 | 0.14 | 0.21,0,0.39 | 1.00 | 2.42,0,1.65 | 3.99 | 10.20,6.886,0.000,0,1,0,0,0,0,-1,0,0,0,,0,,0,,0,0,6886.25,0,1
17254607433,3843,5,8,8,8,8.701,0,0,0.11 | 0.14 | 0.21,0,0.39 | 1.00 | 2.42,0,1.65 | 3.99 | 10.20,6.886,0.000,0,1,0,0,0,0,-1,0,0,0,,0,,0,,0,0,6886.25,0,1
17254607434,3843,5,8,8,8,8.701,0,0,0.11 | 0.14 | 0.21,0,0.39 | 1.00 | 2.42,0,1.65 | 3.99 | 10.20,6.886,0.000,0,1,0,0,0,0,-1,0,0,0,,0,,0,,0,0,6886.25,0,1
17254607435,3843,5,8,8,8,8.701,0,0,0.11 | 0.14 | 0.21,0,0.39 | 1.00 | 2.42,0,1.65 | 3.99 | 10.20,6.886,0.000,0,1,0,0,0,0,-1,0,0,0,,0,,0,,0,0,6886.25,0,1
17254607436,3843,5,8,8,8,8.701,0,0,0.11 | 0.14 | 0.21,0,0.39 | 1.00 | 2.42,0,1.65 | 3.99 | 10.20,6.886,0.000,0,1,0,0,0,0,-1,0,0,0,,0,,0,,0,0,6886.25,0,1
17254607437,3843,5,8,8,8,8.701,0,0,0.11 | 0.14 | 0.21,0,0.39 | 1.00 | 2.42,0,1.65 | 3.99 | 10.20,6.886,0.000,0,1,0,0,0,0,-1,0,0,0,,0,,0,,0,0,6886.25,0,1
17254607438,3843,5,8,8,8,8.701,0,0,0.11 | 0.14 | 0.21,0,0.39 | 1.00 | 2.42,0,1.65 | 3.99 | 10.20,6.886,0.000,0,1,0,0,0,0,-1,0,0,0,,0,,0,,0,0,6886.25,0,1
17254607439,3843,8,8,8,8,8.701,0,0,0.11 | 0.14 | 0.21,0,0.39 | 1.00 | 2.42,0,1.65 | 3.99 | 10.20,6.886,0.000,0,1,0,0,0,0,-1,0,0,0,,0,,0,,0,0,6886.25,0,1
17254607440,3843,8,8,8,8,8.701,0,0,0.11 | 0.14 | 0.21,0,0.39 | 1.00 | 2.42,0,1.65 | 3.99 | 10.20,6.886,0.000,0,1,0,0,0,0,-1,0,0,0,,0,,0,,0,0,6886.25,0,1
17254607441,3843,8,8,8,8,7.638,0,0,0.11 | 0.14 | 0.21,0,0.39 | 1.00 | 2.42,0,1.65 | 3.99 | 10.20,6.886,0.000,0,1,0,0,0,0,-1,0,0,0,,0,,0,,0,0,6886.25,0,1
17254607442,3843,8,8,8,8,7.638,0,0,0.11 | 0.14 | 0.21,0,0.39 | 1.00 | 2.42,0,1.65 | 3.99 | 10.20,6.886,0.000,0,1,0,0,0,0,-1,0,0,0,,0,,0,,0,0,6886.25,0,1
17254607443,3843,8,8,8,8,7.638,0,0,0.11 | 0.14 | 0.21,0,0.39 | 1.00 | 2.42,0,1.65 | 3.99 | 10.20,6.886,0.000,0,1,0,0,0,0,-1,0,0,0,,0,,0,,0,0,6886.25,0,1
17254607444,3843,8,8,8,8,7.638,0,0,0.11 | 0.14 | 0.21,0,0.39 | 1.00 | 2.42,0,1.65 | 3.99 | 10.20,6.886,0.000,0,1,0,0,0,0,-1,0,0,0,,0,,0,,0,0,6886.25,0,1
17254607445,3843,8,8,8,8,7.638,0,0,0.11 | 0.14 | 0.21,0,0.39 | 1.00 | 2.42,0,1.65 | 3.99 | 10.20,6.886,0.000,0,1,0,0,0,0,-1,0,0,0,,0,,0,,0,0,6886.25,0,1
17254607446,3843,8,8,8,8,7.638,0,0,0.11 | 0.14 | 0.21,0,0.39 | 1.00 | 2.42,0,1.65 | 3.99 | 10.20,6.886,0.000,0,1,0,0,0,0,-1,0,0,0,,0,,0,,0,0,6886.25,0,1
17254607447,3843,8,8,8,8,7.638,0,0,0.11 | 0.14 | 0.21,0,0.39 | 1.00 | 2.42,0,1.65 | 3.99 | 10.20,6.886,0.000,0,1,0,0,0,0,-1,0,0,0,,0,,0,,0,0,6905,0,1
17254607448,3843,8,8,8,8,7.638,0,0,0.11 | 0.14 | 0.21,0,0.39 | 1.00 | 2.42,0,1.65 | 3.99 | 10.20,6.886,0.000,0,1,0,0,0,0,-1,0,0,0,,0,,0,,0,0,6905,0,1
17254607449,3843,8,8,8,8,7.638,0,0,0.11 | 0.14 | 0.21,0,0.39 | 1.00 | 2.42,0,1.65 | 3.99 | 10.20,6.886,0.000,0,1,0,0,0,0,-1,0,0,0,,0,,0,,0,0,6905,0,1
17254607450,3843,8,8,8,8,7.638,0,0,0.11 | 0.14 | 0.21,0,0.39 | 1.00 | 2.42,0,1.65 | 3.99 | 10.20,6.886,0.000,0,1,0,0,0,0,-1,0,0,0,,0,,0,,0,0,6905,0,1
17254607451,3843,8,8,8,8,6.825,0,0,0.11 | 0.11 | 0.12,0,0.58 | 1.37 | 2.42,0,1.65 | 2.92 | 6.87,6.905,0.000,0,1,0,0,0,0,-1,0,0,0,,0,,0,,0,0,6905,0,1
17254607452,3843,8,8,8,8,6.825,0,0,0.11 | 0.11 | 0.12,0,0.58 | 1.37 | 2.42,0,1.65 | 2.92 | 6.87,6.905,0.000,0,1,0,0,0,0,-1,0,0,0,,0,,0,,0,0,6905,0,1
17254607453,3843,8,8,8,8,6.825,0,0,0.11 | 0.11 | 0.12,0,0.58 | 1.37 | 2.42,0,1.65 | 2.92 | 6.87,6.905,0.000,0,1,0,0,0,0,-1,0,0,0,,0,,0,,0,0,6905,0,1
17254607454,3843,8,8,8,8,6.825,0,0,0.11 | 0.11 | 0.12,0,0.58 | 1.37 | 2.42,0,1.65 | 2.92 | 6.87,6.905,0.000,0,1,0,0,0,0,-1,0,0,0,,0,,0,,0,0,6905,0,1
17254607455,3843,8,8,8,8,6.825,0,0,0.11 | 0.11 | 0.12,0,0.58 | 1.37 | 2.42,0,1.65 | 2.92 | 6.87,6.905,0.000,0,1,0,0,0,0,-1,0,0,0,,0,,0,,0,0,6905,0,1
17254607456,3843,8,8,8,8,6.825,0,0,0.11 | 0.11 | 0.12,0,0.58 | 1.37 | 2.42,0,1.65 | 2.92 | 6.87,6.905,0.000,0,1,0,0,0,0,-1,0,0,0,,0,,0,,0,0,6905,0,1
17254607457,3843,8,8,8,8,6.825,0,0,0.11 | 0.11 | 0.12,0,0.58 | 1.37 | 2.42,0,1.65 | 2.92 | 6.87,6.905,0.000,0,1,0,0,0,0,-1,0,0,0,,0,,0,,0,0,6905,0,1
17254607458,3843,8,8,8,8,6.825,0,0,0.11 | 0.11 | 0.12,0,0.58 | 1.37 | 2.42,0,1.65 | 2.92 | 6.87,6.905,0.000,0,1,0,0,0,0,-1,0,0,0,,0,,0,,0,0,6905,0,1
17254607459,3843,8,8,8,8,6.825,0,0,0.11 | 0.11 | 0.12,0,0.58 | 1.37 | 2.42,0,1.65 | 2.92 | 6.87,6.905,0.000,0,1,0,0,0,0,-1,0,0,0,,0,,0,,0,0,6905,0,1
17254607460,3843,8,8,8,8,6.825,0,0,0.11 | 0.11 | 0.12,0,0.58 | 1.37 | 2.42,0,1.65 | 2.92 | 6.87,6.905,0.000,0,1,0,0,0,0,-1,0,0,0,,0,,0,,0,0,6905,0,1
17254607461,3843,8,8,8,8,5.779,0,0,0.11 | 0.11 | 0.12,0,0.58 | 1.37 | 2.42,0,1.65 | 2.92 | 6.87,6.905,0.000,0,1,0,0,0,0,-1,0,0,0,,0,,0,,0,0,6905,0,1
17254607462,3843,8,8,8,8,5.779,0,0,0.11 | 0.11 | 0.12,0,0.58 | 1.37 | 2.42,0,1.65 | 2.92 | 6.87,6.905,0.000,0,1,0,0,0,0,-1,0,0,0,,0,,0,,0,0,6905,0,1
17254607463,3843,8,8,8,8,5.779,0,0,0.11 | 0.11 | 0.12,0,0.58 | 1.37 | 2.42,0,1.65 | 2.92 | 6.87,6.905,0.000,0,1,0,0,0,0,-1,0,0,0,,0,,0,,0,0,6905,0,1
17254607464,3843,8,8,8,8,5.779,0,0,0.11 | 0.11 | 0.12,0,0.58 | 1.37 | 2.42,0,1.65 | 2.92 | 6.87,6.905,0.000,0,1,0,0,0,0,-1,0,0,0,,0,,0,,0,0,6905,0,1
17254607465,3843,8,8,8,8,5.779,0,0,0.11 | 0.11 | 0.12,0,0.58 | 1.37 | 2.42,0,1.65 | 2.92 | 6.87,6.905,0.000,0,1,0,0,0,0,-1,0,0,0,,0,,0,,0,0,6905,0,1
17254607466,3843,8,8,8,8,5.779,0,0,0.11 | 0.11 | 0.12,0,0.58 | 1.37 | 2.42,0,1.65 | 2.92 | 6.87,6.905,0.000,0,1,0,0,0,0,-1,0,0,0,,0,,0,,0,0,6905,0,1
17254607467,3843,8,8,8,8,5.779,0,0,0.11 | 0.11 | 0.12,0,0.58 | 1.37 | 2.42,0,1.65 | 2.92 | 6.87,6.905,0.000,0,1,0,0,0,0,-1,0,0,0,,0,,0,,0,0,6905,0,1
17254607468,3843,8,8,8,8,5.779,0,0,0.11 | 0.11 | 0.12,0,0.58 | 1.37 | 2.42,0,1.65 | 2.92 | 6.87,6.905,0.000,0,1,0,0,0,0,-1,0,0,0,,0,,0,,0,0,6905,0,1
17254607469,3843,8,8,8,8,5.779,0,0,0.11 | 0.11 | 0.12,0,0.58 | 1.37 | 2.42,0,1.65 | 2.92 | 6.87,6.905,0.000,0,1,0,0,0,0,-1,0,0,0,,0,,0,,0,0,7182.25,0,1
17254607470,3843,8,8,8,8,5.779,0,0,0.11 | 0.11 | 0.12,0,0.58 | 1.37 | 2.42,0,1.65 | 2.92 | 6.87,6.905,0.000,0,1,0,0,0,0,-1,0,0,0,,0,,0,,0,0,7182.25,0,1
17254607471,3843,8,8,8,8,9.469,0,0,0.11 | 0.11 | 0.12,0,0.62 | 1.73 | 2.42,0,1.65 | 2.32 | 6.49,7.182,0.000,0,1,0,0,0,0,-1,0,0,0,,0,,0,,0,0,7182.25,0,1
17254607472,3843,8,8,8,8,9.469,0,0,0.11 | 0.11 | 0.12,0,0.62 | 1.73 | 2.42,0,1.65 | 2.32 | 6.49,7.182,0.000,0,1,0,0,0,0,-1,0,0,0,,0,,0,,0,0,7182.25,0,1
17254607473,3843,8,8,8,8,9.469,0,0,0.11 | 0.11 | 0.12,0,0.62 | 1.73 | 2.42,0,1.65 | 2.32 | 6.49,7.182,0.000,0,1,0,0,0,0,-1,0,0,0,,0,,0,,0,0,7182.25,0,1
17254607474,3843,8,8,8,8,9.469,0,0,0.11 | 0.11 | 0.12,0,0.62 | 1.73 | 2.42,0,1.65 | 2.32 | 6.49,7.182,0.000,0,1,0,0,0,0,-1,0,0,0,,0,,0,,0,0,7182.25,0,1
17254607475,3843,8,8,8,8,9.469,0,0,0.11 | 0.11 | 0.12,0,0.62 | 1.73 | 2.42,0,1.65 | 2.32 | 6.49,7.182,0.000,0,1,0,0,0,0,-1,0,0,0,,0,,0,,0,0,7182.25,0,1
17254607476,3843,8,8,8,8,9.469,0,0,0.11 | 0.11 | 0.12,0,0.62 | 1.73 | 2.42,0,1.65 | 2.32 | 6.49,7.182,0.000,0,1,0,0,0,0,-1,0,0,0,,0,,0,,0,0,7182.25,0,1
17254607477,3843,8,8,8,8,9.469,0,0,0.11 | 0.11 | 0.12,0,0.62 | 1.73 | 2.42,0,1.65 | 2.32 | 6.49,7.182,0.000,0,1,0,0,0,0,-1,0,0,0,,0,,0,,0,0,7182.25,0,1
17254607478,3843,8,8,8,8,9.469,0,0,0.11 | 0.11 | 0.12,0,0.62 | 1.73 | 2.42,0,1.65 | 2.32 | 6.49,7.182,0.000,0,1,0,0,0,0,-1,0,0,0,,0,,0,,0,0,7182.25,0,1
17254607479,3843,8,8,8,8,9.469,0,0,0.11 | 0.11 | 0.12,0,0.62 | 1.73 | 2.42,0,1.65 | 2.32 | 6.49,7.182,0.000,0,1,0,0,0,0,-1,0,0,0,,0,,0,,0,0,7182.25,0,1
17254607480,3843,8,8,8,8,9.469,0,0,0.11 | 0.11 | 0.12,0,0.62 | 1.73 | 2.42,0,1.65 | 2.32 | 6.49,7.182,0.000,0,1,0,0,0,0,-1,0,0,0,,0,,0,,0,0,7182.25,0,1
17254607481,3843,8,8,8,8,8.454,0,0,0.11 | 0.11 | 0.12,0,0.62 | 1.73 | 2.42,0,1.65 | 2.32 | 6.49,7.182,0.000,0,1,0,0,0,0,-1,0,0,0,,0,,0,,0,0,7182.25,0,1
17254607482,3843,8,8,8,8,8.454,0,0,0.11 | 0.11 | 0.12,0,0.62 | 1.73 | 2.42,0,1.65 | 2.32 | 6.49,7.182,0.000,0,1,0,0,0,0,-1,0,0,0,,0,,0,,0,0,7182.25,0,1
17254607483,3843,8,8,8,8,8.454,0,0,0.11 | 0.11 | 0.12,0,0.62 | 1.73 | 2.42,0,1.65 | 2.32 | 6.49,7.182,0.000,0,1,0,0,0,0,-1,0,0,0,,0,,0,,0,0,7182.25,0,1
17254607484,3843,8,8,8,8,8.454,0,0,0.11 | 0.11 | 0.12,0,0.62 | 1.73 | 2.42,0,1.65 | 2.32 | 6.49,7.182,0.000,0,1,0,0,0,0,-1,0,0,0,,0,,0,,0,0,7182.25,0,1
17254607485,3843,8,8,8,8,8.454,0,0,0.11 | 0.11 | 0.12,0,0.62 | 1.73 | 2.42,0,1.65 | 2.32 | 6.49,7.182,0.000,0,1,0,0,0,0,-1,0,0,0,,0,,0,,0,0,7780.75,0,1
17254607486,3843,8,8,8,8,8.454,0,0,0.11 | 0.11 | 0.12,0,0.62 | 1.73 | 2.42,0,1.65 | 2.32 | 6.49,7.182,0.000,0,1,0,0,0,0,-1,0,0,0,,0,,0,,0,0,7780.75,0,1
17254607487,3843,8,8,8,8,8.454,0,0,0.11 | 0.11 | 0.12,0,0.62 | 1.73 | 2.42,0,1.65 | 2.32 | 6.49,7.182,0.000,0,1,0,0,0,0,-1,0,0,0,,0,,0,,0,0,7780.75,0,1
17254607488,3843,8,8,8,8,8.454,0,0,0.11 | 0.11 | 0.12,0,0.62 | 1.73 | 2.42,0,1.65 | 2.32 | 6.49,7.182,0.000,0,1,0,0,0,0,-1,0,0,0,,0,,0,,0,0,7780.75,0,1
17254607489,3843,8,8,8,8,8.454,0,0,0.11 | 0.11 | 0.12,0,0.62 | 1.73 | 2.42,0,1.65 | 2.32 | 6.49,7.182,0.000,0,1,0,0,0,0,-1,0,0,0,,0,,0,,0,0,7780.75,0,1
17254607490,3843,8,8,8,8,8.454,0,0,0.11 | 0.11 | 0.12,0,0.62 | 1.73 | 2.42,0,1.65 | 2.32 | 6.49,7.182,0.000,0,1,0,0,0,0,-1,0,0,0,,0,,0,,0,0,7780.75,0,1
17254607491,3843,8,8,8,8,10.857,0,0,0.11 | 0.11 | 0.12,0,1.55 | 1.96 | 2.42,0,1.65 | 2.04 | 2.58,7.781,0.000,0,1,0,0,0,0,-1,0,0,0,,0,,0,,0,0,7780.75,0,1
17254607492,3843,8,8,8,8,10.857,0,0,0.11 | 0.11 | 0.12,0,1.55 | 1.96 | 2.42,0,1.65 | 2.04 | 2.58,7.781,0.000,0,1,0,0,0,0,-1,0,0,0,,0,,0,,0,0,7780.75,0,1
17254607493,3843,8,8,8,8,10.857,0,0,0.11 | 0.11 | 0.12,0,1.55 | 1.96 | 2.42,0,1.65 | 2.04 | 2.58,7.781,0.000,0,1,0,0,0,0,-1,0,0,0,,0,,0,,0,0,7780.75,0,1
17254607494,3843,8,8,8,8,10.857,0,0,0.11 | 0.11 | 0.12,0,1.55 | 1.96 | 2.42,0,1.65 | 2.04 | 2.58,7.781,0.000,0,1,0,0,0,0,-1,0,0,0,,0,,0,,0,0,7780.75,0,1
17254607495,3843,8,8,8,8,10.857,0,0,0.11 | 0.11 | 0.12,0,1.55 | 1.96 | 2.42,0,1.65 | 2.04 | 2.58,7.781,0.000,0,1,0,0,0,0,-1,0,0,0,,0,,0,,0,0,7780.75,0,1
17254607496,3843,8,8,8,8,10.857,0,0,0.11 | 0.11 | 0.12,0,1.55 | 1.96 | 2.42,0,1.65 | 2.04 | 2.58,7.781,0.000,0,1,0,0,0,0,-1,0,0,0,,0,,0,,0,0,7780.75,0,1
17254607497,3843,8,8,8,8,10.857,0,0,0.11 | 0.11 | 0.12,0,1.55 | 1.96 | 2.42,0,1.65 | 2.04 | 2.58,7.781,0.000,0,1,0,0,0,0,-1,0,0,0,,0,,0,,0,0,7780.75,0,1
17254607498,3843,8,8,8,8,10.857,0,0,0.11 | 0.11 | 0.12,0,1.55 | 1.96 | 2.42,0,1.65 | 2.04 | 2.58,7.781,0.000,0,1,0,0,0,0,-1,0,0,0,,0,,0,,0,0,7780.75,0,1
17254607499,3843,8,8,8,8,10.857,0,0,0.11 | 0.11 | 0.12,0,1.55 | 1.96 | 2.42,0,1.65 | 2.04 | 2.58,7.781,0.000,0,1,0,0,0,0,-1,0,0,0,,0,,0,,0,0,7780.75,0,1
17254607500,3843,8,8,8,8,10.857,0,0,0.11 | 0.11 | 0.12,0,1.55 | 1.96 | 2.42,0,1.65 | 2.04 | 2.58,7.781,0.000,0,1,0,0,0,0,-1,0,0,0,,0,,0,,0,0,7780.75,0,1
17254607501,3843,8,8,8,8,9.779,0,0,0.11 | 0.11 | 0.12,0,1.55 | 1.96 | 2.42,0,1.65 | 2.04 | 2.58,7.781,0.000,0,1,0,0,0,0,-1,0,0,0,,0,,0,,0,0,7780.75,0,1
17254607502,3843,8,8,8,8,9.779,0,0,0.11 | 0.11 | 0.12,0,1.55 | 1.96 | 2.42,0,1.65 | 2.04 | 2.58,7.781,0.000,0,1,0,0,0,0,-1,0,0,0,,0,,0,,0,0,7780.75,0,1
17254607503,3843,8,8,8,8,9.779,0,0,0.11 | 0.11 | 0.12,0,1.55 | 1.96 | 2.42,0,1.65 | 2.04 | 2.58,7.781,0.000,0,1,0,0,0,0,-1,0,0,0,,0,,0,,0,0,7780.75,0,1
17254607504,3843,8,8,8,8,9.779,0,0,0.11 | 0.11 | 0.12,0,1.55 | 1.96 | 2.42,0,1.65 | 2.04 | 2.58,7.781,0.000,0,1,0,0,0,0,-1,0,0,0,,0,,0,,0,0,7780.75,0,1
17254607505,3843,8,8,8,8,9.779,0,0,0.11 | 0.11 | 0.12,0,1.55 | 1.96 | 2.42,0,1.65 | 2.04 | 2.58,7.781,0.000,0,1,0,0,0,0,-1,0,0,0,,0,,0,,0,0,7780.75,0,1
17254607506,3843,8,8,8,8,9.779,0,0,0.11 | 0.11 | 0.12,0,1.55 | 1.96 | 2.42,0,1.65 | 2.04 | 2.58,7.781,0.000,0,1,0,0,0,0,-1,0,0,0,,0,,0,,0,0,7780.75,0,1
17254607507,3843,8,8,8,8,9.779,0,0,0.11 | 0.11 | 0.12,0,1.55 | 1.96 | 2.42,0,1.65 | 2.04 | 2.58,7.781,0.000,0,1,0,0,0,0,-1,0,0,0,,0,,0,,0,0,7780.75,0,1
17254607508,3843,8,8,8,8,9.779,0,0,0.11 | 0.11 | 0.12,0,1.55 | 1.96 | 2.42,0,1.65 | 2.04 | 2.58,7.781,0.000,0,1,0,0,0,0,-1,0,0,0,,0,,0,,0,0,7780.75,0,1
17254607509,3843,8,8,8,8,9.779,0,0,0.11 | 0.11 | 0.12,0,1.55 | 1.96 | 2.42,0,1.65 | 2.04 | 2.58,7.781,0.000,0,1,0,0,0,0,-1,0,0,0,,0,,0,,0,0,8163.75,0,1
17254607510,3843,8,8,8,8,9.779,0,0,0.11 | 0.11 | 0.12,0,1.55 | 1.96 | 2.42,0,1.65 | 2.04 | 2.58,7.781,0.000,0,1,0,0,0,0,-1,0,0,0,,0,,0,,0,0,8163.75,0,1
17254607511,3843,8,8,8,8,13.501,0,0,0.11 | 0.12 | 0.12,0,1.55 | 1.93 | 2.29,0,1.74 | 2.08 | 2.58,8.164,0.000,0,1,0,0,0,0,-1,0,0,0,,0,,0,,0,0,8163.75,0,1
17254607512,3843,8,8,8,8,13.501,0,0,0.11 | 0.12 | 0.12,0,1.55 | 1.93 | 2.29,0,1.74 | 2.08 | 2.58,8.164,0.000,0,1,0,0,0,0,-1,0,0,0,,0,,0,,0,0,8163.75,0,1
17254607513,3843,8,8,8,8,13.501,0,0,0.11 | 0.12 | 0.12,0,1.55 | 1.93 | 2.29,0,1.74 | 2.08 | 2.58,8.164,0.000,0,1,0,0,0,0,-1,0,0,0,,0,,0,,0,0,8163.75,0,1
17254607514,3843,8,8,8,8,13.501,0,0,0.11 | 0.12 | 0.12,0,1.55 | 1.93 | 2.29,0,1.74 | 2.08 | 2.58,8.164,0.000,0,1,0,0,0,0,-1,0,0,0,,0,,0,,0,0,8163.75,0,1
17254607515,3843,8,8,8,8,13.501,0,0,0.11 | 0.12 | 0.12,0,1.55 | 1.93 | 2.29,0,1.74 | 2.08 | 2.58,8.164,0.000,0,1,0,0,0,0,-1,0,0,0,,0,,0,,0,0,8163.75,0,1
17254607516,3843,8,8,8,8,13.501,0,0,0.11 | 0.12 | 0.12,0,1.55 | 1.93 | 2.29,0,1.74 | 2.08 | 2.58,8.164,0.000,0,1,0,0,0,0,-1,0,0,0,,0,,0,,0,0,8163.75,0,1
17254607517,3843,8,8,8,8,13.501,0,0,0.11 | 0.12 | 0.12,0,1.55 | 1.93 | 2.29,0,1.74 | 2.08 | 2.58,8.164,0.000,0,1,0,0,0,0,-1,0,0,0,,0,,0,,0,0,8163.75,0,1
17254607518,3843,8,8,8,8,13.501,0,0,0.11 | 0.12 | 0.12,0,1.55 | 1.93 | 2.29,0,1.74 | 2.08 | 2.58,8.164,0.000,0,1,0,0,0,0,-1,0,0,0,,0,,0,,0,0,8163.75,0,1
17254607519,3843,8,8,8,8,13.501,0,0,0.11 | 0.12 | 0.12,0,1.55 | 1.93 | 2.29,0,1.74 | 2.08 | 2.58,8.164,0.000,0,1,0,0,0,0,-1,0,0,0,,0,,0,,0,0,8163.75,0,1
17254607520,3843,8,8,8,8,13.501,0,0,0.11 | 0.12 | 0.12,0,1.55 | 1.93 | 2.29,0,1.74 | 2.08 | 2.58,8.164,0.000,0,1,0,0,0,0,-1,0,0,0,,0,,0,,0,0,8163.75,0,1
17254607521,3843,8,8,8,8,12.47,0,0,0.11 | 0.12 | 0.12,0,1.55 | 1.93 | 2.29,0,1.74 | 2.08 | 2.58,8.164,0.000,0,1,0,0,0,0,-1,0,0,0,,0,,0,,0,0,8163.75,0,1
17254607522,3843,8,8,8,8,12.47,0,0,0.11 | 0.12 | 0.12,0,1.55 | 1.93 | 2.29,0,1.74 | 2.08 | 2.58,8.164,0.000,0,1,0,0,0,0,-1,0,0,0,,0,,0,,0,0,8163.75,0,1
17254607523,3843,8,8,8,8,12.47,0,0,0.11 | 0.12 | 0.12,0,1.55 | 1.93 | 2.29,0,1.74 | 2.08 | 2.58,8.164,0.000,0,1,0,0,0,0,-1,0,0,0,,0,,0,,0,0,8163.75,0,1
17254607524,3843,8,8,8,8,12.47,0,0,0.11 | 0.12 | 0.12,0,1.55 | 1.93 | 2.29,0,1.74 | 2.08 | 2.58,8.164,0.000,0,1,0,0,0,0,-1,0,0,0,,0,,0,,0,0,8163.75,0,1
17254607525,3843,8,8,8,8,12.47,0,0,0.11 | 0.12 | 0.12,0,1.55 | 1.93 | 2.29,0,1.74 | 2.08 | 2.58,8.164,0.000,0,1,0,0,0,0,-1,0,0,0,,0,,0,,0,0,8163.75,0,1
17254607526,3843,8,8,8,8,12.47,0,0,0.11 | 0.12 | 0.12,0,1.55 | 1.93 | 2.29,0,1.74 | 2.08 | 2.58,8.164,0.000,0,1,0,0,0,0,-1,0,0,0,,0,,0,,0,0,8163.75,0,1
17254607527,3843,8,8,8,8,12.47,0,0,0.11 | 0.12 | 0.12,0,1.55 | 1.93 | 2.29,0,1.74 | 2.08 | 2.58,8.164,0.000,0,1,0,0,0,0,-1,0,0,0,,0,,0,,0,0,8053.25,0,1
17254607528,3843,8,8,8,8,12.47,0,0,0.11 | 0.12 | 0.12,0,1.55 | 1.93 | 2.29,0,1.74 | 2.08 | 2.58,8.164,0.000,0,1,0,0,0,0,-1,0,0,0,,0,,0,,0,0,8053.25,0,1
17254607529,3843,8,8,8,8,12.47,0,0,0.11 | 0.12 | 0.12,0,1.55 | 1.93 | 2.29,0,1.74 | 2.08 | 2.58,8.164,0.000,0,1,0,0,0,0,-1,0,0,0,,0,,0,,0,0,8053.25,0,1
17254607530,3843,8,8,8,8,12.47,0,0,0.11 | 0.12 | 0.12,0,1.55 | 1.93 | 2.29,0,1.74 | 2.08 | 2.58,8.164,0.000,0,1,0,0,0,0,-1,0,0,0,,0,,0,,0,0,8053.25,0,1
17254607531,3843,8,8,8,8,14.867,0,0,0.11 | 0.12 | 0.12,0,1.55 | 1.87 | 2.29,0,1.74 | 2.14 | 2.58,8.053,0.000,0,1,0,0,0,0,-1,0,0,0,,0,,0,,0,0,8053.25,0,1
17254607532,3843,8,8,8,8,14.867,0,0,0.11 | 0.12 | 0.12,0,1.55 | 1.87 | 2.29,0,1.74 | 2.14 | 2.58,8.053,0.000,0,1,0,0,0,0,-1,0,0,0,,0,,0,,0,0,8053.25,0,1
17254607533,3843,8,8,8,8,14.867,0,0,0.11 | 0.12 | 0.12,0,1.55 | 1.87 | 2.29,0,1.74 | 2.14 | 2.58,8.053,0.000,0,1,0,0,0,0,-1,0,0,0,,0,,0,,0,0,8053.25,0,1
17254607534,3843,8,8,8,8,14.867,0,0,0.11 | 0.12 | 0.12,0,1.55 | 1.87 | 2.29,0,1.74 | 2.14 | 2.58,8.053,0.000,0,1,0,0,0,0,-1,0,0,0,,0,,0,,0,0,8053.25,0,1
17254607535,3843,8,8,8,8,14.867,0,0,0.11 | 0.12 | 0.12,0,1.55 | 1.87 | 2.29,0,1.74 | 2.14 | 2.58,8.053,0.000,0,1,0,0,0,0,-1,0,0,0,,0,,0,,0,0,8053.25,0,1
17254607536,3843,8,8,8,8,14.867,0,0,0.11 | 0.12 | 0.12,0,1.55 | 1.87 | 2.29,0,1.74 | 2.14 | 2.58,8.053,0.000,0,1,0,0,0,0,-1,0,0,0,,0,,0,,0,0,8053.25,0,1
17254607537,3843,8,8,8,8,14.867,0,0,0.11 | 0.12 | 0.12,0,1.55 | 1.87 | 2.29,0,1.74 | 2.14 | 2.58,8.053,0.000,0,1,0,0,0,0,-1,0,0,0,,0,,0,,0,0,8053.25,0,1
17254607538,3843,8,8,8,8,14.867,0,0,0.11 | 0.12 | 0.12,0,1.55 | 1.87 | 2.29,0,1.74 | 2.14 | 2.58,8.053,0.000,0,1,0,0,0,0,-1,0,0,0,,0,,0,,0,0,8053.25,0,1
17254607539,3843,8,8,8,8,14.867,0,0,0.11 | 0.12 | 0.12,0,1.55 | 1.87 | 2.29,0,1.74 | 2.14 | 2.58,8.053,0.000,0,1,0,0,0,0,-1,0,0,0,,0,,0,,0,0,8053.25,0,1
17254607540,3843,8,8,8,8,14.867,0,0,0.11 | 0.12 | 0.12,0,1.55 | 1.87 | 2.29,0,1.74 | 2.14 | 2.58,8.053,0.000,0,1,0,0,0,0,-1,0,0,0,,0,,0,,0,0,8053.25,0,1
17254607541,3843,8,8,8,8,13.809,0,0,0.11 | 0.12 | 0.12,0,1.55 | 1.87 | 2.29,0,1.74 | 2.14 | 2.58,8.053,0.000,0,1,0,0,0,0,-1,0,0,0,,0,,0,,0,0,8053.25,0,1
17254607542,3843,8,8,8,8,13.809,0,0,0.11 | 0.12 | 0.12,0,1.55 | 1.87 | 2.29,0,1.74 | 2.14 | 2.58,8.053,0.000,0,1,0,0,0,0,-1,0,0,0,,0,,0,,0,0,8053.25,0,1
17254607543,3843,8,8,8,8,13.809,0,0,0.11 | 0.12 | 0.12,0,1.55 | 1.87 | 2.29,0,1.74 | 2.14 | 2.58,8.053,0.000,0,1,0,0,0,0,-1,0,0,0,,0,,0,,0,0,8053.25,0,1
17254607544,3843,8,8,8,8,13.809,0,0,0.11 | 0.12 | 0.12,0,1.55 | 1.87 | 2.29,0,1.74 | 2.14 | 2.58,8.053,0.000,0,1,0,0,0,0,-1,0,0,0,,0,,0,,0,0,8053.25,0,1
17254607545,3843,8,8,8,8,13.809,0,0,0.11 | 0.12 | 0.12,0,1.55 | 1.87 | 2.29,0,1.74 | 2.14 | 2.58,8.053,0.000,0,1,0,0,0,0,-1,0,0,0,,0,,0,,0,0,8053.25,0,1
17254607546,3843,8,8,8,8,13.809,0,0,0.11 | 0.12 | 0.12,0,1.55 | 1.87 | 2.29,0,1.74 | 2.14 | 2.58,8.053,0.000,0,1,0,0,0,0,-1,0,0,0,,0,,0,,0,0,8053.25,0,1
17254607547,3843,8,8,8,8,13.809,0,0,0.11 | 0.12 | 0.12,0,1.55 | 1.87 | 2.29,0,1.74 | 2.14 | 2.58,8.053,0.000,0,1,0,0,0,0,-1,0,0,0,,0,,0,,0,0,8053.25,0,1
17254607548,3843,8,8,8,8,13.809,0,0,0.11 | 0.12 | 0.12,0,1.55 | 1.87 | 2.29,0,1.74 | 2.14 | 2.58,8.053,0.000,0,1,0,0,0,0,-1,0,0,0,,0,,0,,0,0,8053.25,0,1
17254607549,3843,8,8,8,8,13.809,0,0,0.11 | 0.12 | 0.12,0,1.55 | 1.87 | 2.29,0,1.74 | 2.14 | 2.58,8.053,0.000,0,1,0,0,0,0,-1,0,0,0,,0,,0,,0,0,8053.25,0,1
17254607550,3843,8,8,8,8,13.809,0,0,0.11 | 0.12 | 0.12,0,1.55 | 1.87 | 2.29,0,1.74 | 2.14 | 2.58,8.053,0.000,0,1,0,0,0,0,-1,0,0,0,,0,,0,,0,0,8053.25,0,1
17254607551,3843,8,8,8,8,12.748,0,0,0.11 | 0.12 | 0.12,0,1.55 | 1.87 | 2.29,0,1.74 | 2.14 | 2.58,8.053,0.000,0,1,0,0,0,0,-1,0,0,0,,0,,0,,0,0,8053.25,0,1
17254607552,3843,8,8,8,8,12.748,0,0,0.11 | 0.12 | 0.12,0,1.55 | 1.87 | 2.29,0,1.74 | 2.14 | 2.58,8.053,0.000,0,1,0,0,0,0,-1,0,0,0,,0,,0,,0,0,8133.75,0,1
17254607553,3843,8,8,8,8,12.748,0,0,0.11 | 0.12 | 0.12,0,1.55 | 1.87 | 2.29,0,1.74 | 2.14 | 2.58,8.053,0.000,0,1,0,0,0,0,-1,0,0,0,,0,,0,,0,0,8133.75,0,1
17254607554,3843,8,8,8,8,12.748,0,0,0.11 | 0.12 | 0.12,0,1.55 | 1.87 | 2.29,0,1.74 | 2.14 | 2.58,8.053,0.000,0,1,0,0,0,0,-1,0,0,0,,0,,0,,0,0,8133.75,0,1
17254607555,3843,8,8,8,8,12.748,0,0,0.11 | 0.12 | 0.12,0,1.55 | 1.87 | 2.29,0,1.74 | 2.14 | 2.58,8.053,0.000,0,1,0,0,0,0,-1,0,0,0,,0,,0,,0,0,8133.75,0,1
17254607556,3843,8,8,8,8,12.748,0,0,0.11 | 0.12 | 0.12,0,1.55 | 1.87 | 2.29,0,1.74 | 2.14 | 2.58,8.053,0.000,0,1,0,0,0,0,-1,0,0,0,,0,,0,,0,0,8133.75,0,1
17254607557,3843,8,8,8,8,12.748,0,0,0.11 | 0.12 | 0.12,0,1.55 | 1.87 | 2.29,0,1.74 | 2.14 | 2.58,8.053,0.000,0,1,0,0,0,0,-1,0,0,0,,0,,0,,0,0,8133.75,0,1
17254607558,3843,8,8,8,8,12.748,0,0,0.11 | 0.12 | 0.12,0,1.55 | 1.87 | 2.29,0,1.74 | 2.14 | 2.58,8.053,0.000,0,1,0,0,0,0,-1,0,0,0,,0,,0,,0,0,8133.75,0,1
17254607559,3843,8,8,8,8,12.748,0,0,0.11 | 0.12 | 0.12,0,1.55 | 1.87 | 2.29,0,1.74 | 2.14 | 2.58,8.053,0.000,0,1,0,0,0,0,-1,0,0,0,,0,,0,,0,0,8133.75,0,1
17254607560,3843,8,8,8,8,12.748,0,0,0.11 | 0.12 | 0.12,0,1.55 | 1.87 | 2.29,0,1.74 | 2.14 | 2.58,8.053,0.000,0,1,0,0,0,0,-1,0,0,0,,0,,0,,0,0,8133.75,0,1
17254607561,3843,8,8,8,8,16.485,0,0,0.11 | 0.11 | 0.12,0,1.55 | 1.97 | 2.40,0,1.67 | 2.03 | 2.58,8.134,0.000,0,1,0,0,0,0,-1,0,0,0,,0,,0,,0,0,8133.75,0,1
17254607562,3843,8,8,8,8,16.485,0,0,0.11 | 0.11 | 0.12,0,1.55 | 1.97 | 2.40,0,1.67 | 2.03 | 2.58,8.134,0.000,0,1,0,0,0,0,-1,0,0,0,,0,,0,,0,0,8133.75,0,1
17254607563,3843,8,8,8,8,16.485,0,0,0.11 | 0.11 | 0.12,0,1.55 | 1.97 | 2.40,0,1.67 | 2.03 | 2.58,8.134,0.000,0,1,0,0,0,0,-1,0,0,0,,0,,0,,0,0,8133.75,0,1
17254607564,3843,8,8,8,8,16.485,0,0,0.11 | 0.11 | 0.12,0,1.55 | 1.97 | 2.40,0,1.67 | 2.03 | 2.58,8.134,0.000,0,1,0,0,0,0,-1,0,0,0,,0,,0,,0,0,8133.75,0,1
17254607565,3843,8,8,8,8,16.485,0,0,0.11 | 0.11 | 0.12,0,1.55 | 1.97 | 2.40,0,1.67 | 2.03 | 2.58,8.134,0.000,0,1,0,0,0,0,-1,0,0,0,,0,,0,,0,0,8133.75,0,1
17254607566,3843,8,8,8,8,16.485,0,0,0.11 | 0.11 | 0.12,0,1.55 | 1.97 | 2.40,0,1.67 | 2.03 | 2.58,8.134,0.000,0,1,0,0,0,0,-1,0,0,0,,0,,0,,0,0,8133.75,0,1
17254607567,3843,8,8,8,8,16.485,0,0,0.11 | 0.11 | 0.12,0,1.55 | 1.97 | 2.40,0,1.67 | 2.03 | 2.58,8.134,0.000,0,1,0,0,0,0,-1,0,0,0,,0,,0,,0,0,8133.75,0,1
17254607568,3843,8,8,8,8,16.485,0,0,0.11 | 0.11 | 0.12,0,1.55 | 1.97 | 2.40,0,1.67 | 2.03 | 2.58,8.134,0.000,0,1,0,0,0,0,-1,0,0,0,,0,,0,,0,0,8133.75,0,1
17254607569,3843,8,8,8,8,16.485,0,0,0.11 | 0.11 | 0.12,0,1.55 | 1.97 | 2.40,0,1.67 | 2.03 | 2.58,8.134,0.000,0,1,0,0,0,0,-1,0,0,0,,0,,0,,0,0,8133.75,0,1
17254607570,3843,8,8,8,8,16.485,0,0,0.11 | 0.11 | 0.12,0,1.55 | 1.97 | 2.40,0,1.67 | 2.03 | 2.58,8.134,0.000,0,1,0,0,0,0,-1,0,0,0,,0,,0,,0,0,8107.5,0,1
17254607571,3843,8,8,8,8,18.63,0,0,0.11 | 0.11 | 0.12,0,1.61 | 1.99 | 2.40,0,1.67 | 2.01 | 2.49,8.107,0.000,0,1,0,0,0,0,-1,0,0,0,,0,,0,,0,0,8107.5,0,1
17254607572,3843,8,8,8,8,18.63,0,0,0.11 | 0.11 | 0.12,0,1.61 | 1.99 | 2.40,0,1.67 | 2.01 | 2.49,8.107,0.000,0,1,0,0,0,0,-1,0,0,0,,0,,0,,0,0,8107.5,0,1
17254607573,3843,8,8,8,8,18.63,0,0,0.11 | 0.11 | 0.12,0,1.61 | 1.99 | 2.40,0,1.67 | 2.01 | 2.49,8.107,0.000,0,1,0,0,0,0,-1,0,0,0,,0,,0,,0,0,8107.5,0,1
17254607574,3843,8,8,8,8,18.63,0,0,0.11 | 0.11 | 0.12,0,1.61 | 1.99 | 2.40,0,1.67 | 2.01 | 2.49,8.107,0.000,0,1,0,0,0,0,-1,0,0,0,,0,,0,,0,0,8107.5,0,1
17254607575,3843,8,8,8,8,18.63,0,0,0.11 | 0.11 | 0.12,0,1.61 | 1.99 | 2.40,0,1.67 | 2.01 | 2.49,8.107,0.000,0,1,0,0,0,0,-1,0,0,0,,0,,0,,0,0,8107.5,0,1
17254607576,3843,8,8,8,8,18.63,0,0,0.11 | 0.11 | 0.12,0,1.61 | 1.99 | 2.40,0,1.67 | 2.01 | 2.49,8.107,0.000,0,1,0,0,0,0,-1,0,0,0,,0,,0,,0,0,8107.5,0,1
17254607577,3843,8,8,8,8,18.63,0,0,0.11 | 0.11 | 0.12,0,1.61 | 1.99 | 2.40,0,1.67 | 2.01 | 2.49,8.107,0.000,0,1,0,0,0,0,-1,0,0,0,,0,,0,,0,0,8107.5,0,1
17254607578,3843,8,8,8,8,18.63,0,0,0.11 | 0.11 | 0.12,0,1.61 | 1.99 | 2.40,0,1.67 | 2.01 | 2.49,8.107,0.000,0,1,0,0,0,0,-1,0,0,0,,0,,0,,0,0,8107.5,0,1
17254607579,3843,8,8,8,8,18.63,0,0,0.11 | 0.11 | 0.12,0,1.61 | 1.99 | 2.40,0,1.67 | 2.01 | 2.49,8.107,0.000,0,1,0,0,0,0,-1,0,0,0,,0,,0,,0,0,8107.5,0,1
17254607580,3843,8,8,8,8,18.63,0,0,0.11 | 0.11 | 0.12,0,1.61 | 1.99 | 2.40,0,1.67 | 2.01 | 2.49,8.107,0.000,0,1,0,0,0,0,-1,0,0,0,,0,,0,,0,0,8107.5,0,1
17254607581,3843,8,8,8,8,17.826,0,0,0.11 | 0.11 | 0.12,0,1.61 | 1.99 | 2.40,0,1.67 | 2.01 | 2.49,8.107,0.000,0,1,0,0,0,0,-1,0,0,0,,0,,0,,0,0,8107.5,0,1
17254607582,3843,8,8,8,8,17.826,0,0,0.11 | 0.11 | 0.12,0,1.61 | 1.99 | 2.40,0,1.67 | 2.01 | 2.49,8.107,0.000,0,1,0,0,0,0,-1,0,0,0,,0,,0,,0,0,8107.5,0,1
17254607583,3843,8,8,8,8,17.826,0,0,0.11 | 0.11 | 0.12,0,1.61 | 1.99 | 2.40,0,1.67 | 2.01 | 2.49,8.107,0.000,0,1,0,0,0,0,-1,0,0,0,,0,,0,,0,0,8107.5,0,1
17254607584,3843,8,8,8,8,17.826,0,0,0.11 | 0.11 | 0.12,0,1.61 | 1.99 | 2.40,0,1.67 | 2.01 | 2.49,8.107,0.000,0,1,0,0,0,0,-1,0,0,0,,0,,0,,0,0,8107.5,0,1
17254607585,3843,8,8,8,8,17.826,0,0,0.11 | 0.11 | 0.12,0,1.61 | 1.99 | 2.40,0,1.67 | 2.01 | 2.49,8.107,0.000,0,1,0,0,0,0,-1,0,0,0,,0,,0,,0,0,8107.5,0,1
17254607586,3843,8,8,8,8,17.826,0,0,0.11 | 0.11 | 0.12,0,1.61 | 1.99 | 2.40,0,1.67 | 2.01 | 2.49,8.107,0.000,0,1,0,0,0,0,-1,0,0,0,,0,,0,,0,0,8107.5,0,1
17254607587,3843,8,8,8,8,17.826,0,0,0.11 | 0.11 | 0.12,0,1.61 | 1.99 | 2.40,0,1.67 | 2.01 | 2.49,8.107,0.000,0,1,0,0,0,0,-1,0,0,0,,0,,0,,0,0,8107.5,0,1
17254607588,3843,8,8,8,8,17.826,0,0,0.11 | 0.11 | 0.12,0,1.61 | 1.99 | 2.40,0,1.67 | 2.01 | 2.49,8.107,0.000,0,1,0,0,0,0,-1,0,0,0,,0,,0,,0,0,8107.5,0,1
17254607589,3843,8,8,8,8,17.826,0,0,0.11 | 0.11 | 0.12,0,1.61 | 1.99 | 2.40,0,1.67 | 2.01 | 2.49,8.107,0.000,0,1,0,0,0,0,-1,0,0,0,,0,,0,,0,0,8107.5,0,1
17254607590,3843,8,8,8,8,17.826,0,0,0.11 | 0.11 | 0.12,0,1.61 | 1.99 | 2.40,0,1.67 | 2.01 | 2.49,8.107,0.000,0,1,0,0,0,0,-1,0,0,0,,0,,0,,0,0,8107.5,0,1
17254607591,3843,8,8,8,8,16.763,0,0,0.11 | 0.11 | 0.12,0,1.61 | 1.99 | 2.40,0,1.67 | 2.01 | 2.49,8.107,0.000,0,1,0,0,0,0,-1,0,0,0,,0,,0,,0,0,8107.5,0,1
17254607592,3843,8,8,8,8,16.763,0,0,0.11 | 0.11 | 0.12,0,1.61 | 1.99 | 2.40,0,1.67 | 2.01 | 2.49,8.107,0.000,0,1,0,0,0,0,-1,0,0,0,,0,,0,,0,0,8107.5,0,1
17254607593,3843,8,8,8,8,16.763,0,0,0.11 | 0.11 | 0.12,0,1.61 | 1.99 | 2.40,0,1.67 | 2.01 | 2.49,8.107,0.000,0,1,0,0,0,0,-1,0,0,0,,0,,0,,0,0,8107.5,0,1
17254607594,3843,8,8,8,8,16.763,0,0,0.11 | 0.11 | 0.12,0,1.61 | 1.99 | 2.40,0,1.67 | 2.01 | 2.49,8.107,0.000,0,1,0,0,0,0,-1,0,0,0,,0,,0,,0,0,8107.5,0,1
17254607595,3843,8,8,8,8,16.763,0,0,0.11 | 0.11 | 0.12,0,1.61 | 1.99 | 2.40,0,1.67 | 2.01 | 2.49,8.107,0.000,0,1,0,0,0,0,-1,0,0,0,,0,,0,,0,0,8055,0,1
17254607596,3843,8,8,8,8,16.763,0,0,0.11 | 0.11 | 0.12,0,1.61 | 1.99 | 2.40,0,1.67 | 2.01 | 2.49,8.107,0.000,0,1,0,0,0,0,-1,0,0,0,,0,,0,,0,0,8055,0,1
17254607597,3843,8,8,8,8,16.763,0,0,0.11 | 0.11 | 0.12,0,1.61 | 1.99 | 2.40,0,1.67 | 2.01 | 2.49,8.107,0.000,0,1,0,0,0,0,-1,0,0,0,,0,,0,,0,0,8055,0,1
17254607598,3843,8,8,8,8,16.763,0,0,0.11 | 0.11 | 0.12,0,1.61 | 1.99 | 2.40,0,1.67 | 2.01 | 2.49,8.107,0.000,0,1,0,0,0,0,-1,0,0,0,,0,,0,,0,0,8055,0,1
17254607599,3843,8,8,8,8,16.763,0,0,0.11 | 0.11 | 0.12,0,1.61 | 1.99 | 2.40,0,1.67 | 2.01 | 2.49,8.107,0.000,0,1,0,0,0,0,-1,0,0,0,,0,,0,,0,0,8055,0,1
17254607600,3843,8,8,8,8,16.763,0,0,0.11 | 0.11 | 0.12,0,1.61 | 1.99 | 2.40,0,1.67 | 2.01 | 2.49,8.107,0.000,0,1,0,0,0,0,-1,0,0,0,,0,,0,,0,0,8055,0,1
17254607601,3843,8,8,8,8,20.501,0,0,0.11 | 0.11 | 0.12,0,1.61 | 2.01 | 2.40,0,1.67 | 1.99 | 2.49,8.055,0.000,0,1,0,0,0,0,-1,0,0,0,,0,,0,,0,0,8055,0,1
17254607602,3843,8,8,8,8,20.501,0,0,0.11 | 0.11 | 0.12,0,1.61 | 2.01 | 2.40,0,1.67 | 1.99 | 2.49,8.055,0.000,0,1,0,0,0,0,-1,0,0,0,,0,,0,,0,0,8055,0,1
17254607603,3843,8,8,8,8,20.501,0,0,0.11 | 0.11 | 0.12,0,1.61 | 2.01 | 2.40,0,1.67 | 1.99 | 2.49,8.055,0.000,0,1,0,0,0,0,-1,0,0,0,,0,,0,,0,0,8055,0,1
17254607604,3843,8,8,8,8,20.501,0,0,0.11 | 0.11 | 0.12,0,1.61 | 2.01 | 2.40,0,1.67 | 1.99 | 2.49,8.055,0.000,0,1,0,0,0,0,-1,0,0,0,,0,,0,,0,0,8055,0,1
17254607605,3843,8,8,8,8,20.501,0,0,0.11 | 0.11 | 0.12,0,1.61 | 2.01 | 2.40,0,1.67 | 1.99 | 2.49,8.055,0.000,0,1,0,0,0,0,-1,0,0,0,,0,,0,,0,0,8055,0,1
17254607606,3843,8,8,8,8,20.501,0,0,0.11 | 0.11 | 0.12,0,1.61 | 2.01 | 2.40,0,1.67 | 1.99 | 2.49,8.055,0.000,0,1,0,0,0,0,-1,0,0,0,,0,,0,,0,0,8055,0,1
17254607607,3843,8,8,8,8,20.501,0,0,0.11 | 0.11 | 0.12,0,1.61 | 2.01 | 2.40,0,1.67 | 1.99 | 2.49,8.055,0.000,0,1,0,0,0,0,-1,0,0,0,,0,,0,,0,0,8055,0,1
17254607608,3843,8,8,8,8,20.501,0,0,0.11 | 0.11 | 0.12,0,1.61 | 2.01 | 2.40,0,1.67 | 1.99 | 2.49,8.055,0.000,0,1,0,0,0,0,-1,0,0,0,,0,,0,,0,0,8258.25,0,1
17254607609,3843,8,8,8,8,20.501,0,0,0.11 | 0.11 | 0.12,0,1.61 | 2.01 | 2.40,0,1.67 | 1.99 | 2.49,8.055,0.000,0,1,0,0,0,0,-1,0,0,0,,0,,0,,0,0,8258.25,0,1
17254607610,3843,8,8,8,8,20.501,0,0,0.11 | 0.11 | 0.12,0,1.61 | 2.01 | 2.40,0,1.67 | 1.99 | 2.49,8.055,0.000,0,1,0,0,0,0,-1,0,0,0,,0,,0,,0,0,8258.25,0,1
17254607611,3843,8,8,8,8,22.638,0,0,0.11 | 0.11 | 0.11,0,1.19 | 1.90 | 2.40,0,1.67 | 2.11 | 3.37,8.258,0.000,0,1,0,0,0,0,-1,0,0,0,,0,,0,,0,0,8258.25,0,1
17254607612,3843,8,8,8,8,22.638,0,0,0.11 | 0.11 | 0.11,0,1.19 | 1.90 | 2.40,0,1.67 | 2.11 | 3.37,8.258,0.000,0,1,0,0,0,0,-1,0,0,0,,0,,0,,0,0,8258.25,0,1
17254607613,3843,8,8,8,8,22.638,0,0,0.11 | 0.11 | 0.11,0,1.19 | 1.90 | 2.40,0,1.67 | 2.11 | 3.37,8.258,0.000,0,1,0,0,0,0,-1,0,0,0,,0,,0,,0,0,8258.25,0,1
17254607614,3843,8,8,8,8,22.638,0,0,0.11 | 0.11 | 0.11,0,1.19 | 1.90 | 2.40,0,1.67 | 2.11 | 3.37,8.258,0.000,0,1,0,0,0,0,-1,0,0,0,,0,,0,,0,0,8258.25,0,1
17254607615,3843,8,8,8,8,22.638,0,0,0.11 | 0.11 | 0.11,0,1.19 | 1.90 | 2.40,0,1.67 | 2.11 | 3.37,8.258,0.000,0,1,0,0,0,0,-1,0,0,0,,0,,0,,0,0,8258.25,0,1
17254607616,3843,8,8,8,8,22.638,0,0,0.11 | 0.11 | 0.11,0,1.19 | 1.90 | 2.40,0,1.67 | 2.11 | 3.37,8.258,0.000,0,1,0,0,0,0,-1,0,0,0,,0,,0,,0,0,8258.25,0,1
17254607617,3843,8,8,8,8,22.638,0,0,0.11 | 0.11 | 0.11,0,1.19 | 1.90 | 2.40,0,1.67 | 2.11 | 3.37,8.258,0.000,0,1,0,0,0,0,-1,0,0,0,,0,,0,,0,0,8258.25,0,1
17254607618,3843,8,8,8,8,22.638,0,0,0.11 | 0.11 | 0.11,0,1.19 | 1.90 | 2.40,0,1.67 | 2.11 | 3.37,8.258,0.000,0,1,0,0,0,0,-1,0,0,0,,0,,0,,0,0,8258.25,0,1
17254607619,3843,8,8,8,8,22.638,0,0,0.11 | 0.11 | 0.11,0,1.19 | 1.90 | 2.40,0,1.67 | 2.11 | 3.37,8.258,0.000,0,1,0,0,0,0,-1,0,0,0,,0,,0,,0,0,8258.25,0,1
17254607620,3843,8,8,8,8,22.638,0,0,0.11 | 0.11 | 0.11,0,1.19 | 1.90 | 2.40,0,1.67 | 2.11 | 3.37,8.258,0.000,0,1,0,0,0,0,-1,0,0,0,,0,,0,,0,0,8258.25,0,1
17254607621,3843,8,8,8,8,21.841,0,0,0.11 | 0.11 | 0.11,0,1.19 | 1.90 | 2.40,0,1.67 | 2.11 | 3.37,8.258,0.000,0,1,0,0,0,0,-1,0,0,0,,0,,0,,0,0,8258.25,0,1
17254607622,3843,8,8,8,8,21.841,0,0,0.11 | 0.11 | 0.11,0,1.19 | 1.90 | 2.40,0,1.67 | 2.11 | 3.37,8.258,0.000,0,1,0,0,0,0,-1,0,0,0,,0,,0,,0,0,8258.25,0,1
17254607623,3843,8,8,8,8,21.841,0,0,0.11 | 0.11 | 0.11,0,1.19 | 1.90 | 2.40,0,1.67 | 2.11 | 3.37,8.258,0.000,0,1,0,0,0,0,-1,0,0,0,,0,,0,,0,0,8258.25,0,1
17254607624,3843,8,8,8,8,21.841,0,0,0.11 | 0.11 | 0.11,0,1.19 | 1.90 | 2.40,0,1.67 | 2.11 | 3.37,8.258,0.000,0,1,0,0,0,0,-1,0,0,0,,0,,0,,0,0,8258.25,0,1
17254607625,3843,8,8,8,8,21.841,0,0,0.11 | 0.11 | 0.11,0,1.19 | 1.90 | 2.40,0,1.67 | 2.11 | 3.37,8.258,0.000,0,1,0,0,0,0,-1,0,0,0,,0,,0,,0,0,8258.25,0,1
17254607626,3843,8,8,8,8,21.841,0,0,0.11 | 0.11 | 0.11,0,1.19 | 1.90 | 2.40,0,1.67 | 2.11 | 3.37,8.258,0.000,0,1,0,0,0,0,-1,0,0,0,,0,,0,,0,0,8258.25,0,1
17254607627,3843,8,8,8,8,21.841,0,0,0.11 | 0.11 | 0.11,0,1.19 | 1.90 | 2.40,0,1.67 | 2.11 | 3.37,8.258,0.000,0,1,0,0,0,0,-1,0,0,0,,0,,0,,0,0,8258.25,0,1
17254607628,3843,8,8,8,8,21.841,0,0,0.11 | 0.11 | 0.11,0,1.19 | 1.90 | 2.40,0,1.67 | 2.11 | 3.37,8.258,0.000,0,1,0,0,0,0,-1,0,0,0,,0,,0,,0,0,8258.25,0,1
17254607629,3843,8,8,8,8,21.841,0,0,0.11 | 0.11 | 0.11,0,1.19 | 1.90 | 2.40,0,1.67 | 2.11 | 3.37,8.258,0.000,0,1,0,0,0,0,-1,0,0,0,,0,,0,,0,0,8258.25,0,1
17254607630,3843,8,8,8,8,21.841,0,0,0.11 | 0.11 | 0.11,0,1.19 | 1.90 | 2.40,0,1.67 | 2.11 | 3.37,8.258,0.000,0,1,0,0,0,0,-1,0,0,0,,0,,0,,0,0,8258.25,0,1
17254607631,3843,8,8,8,8,20.779,0,0,0.11 | 0.11 | 0.11,0,1.19 | 1.90 | 2.40,0,1.67 | 2.11 | 3.37,8.258,0.000,0,1,0,0,0,0,-1,0,0,0,,0,,0,,0,0,8258.25,0,1
17254607632,3843,8,8,8,8,20.779,0,0,0.11 | 0.11 | 0.11,0,1.19 | 1.90 | 2.40,0,1.67 | 2.11 | 3.37,8.258,0.000,0,1,0,0,0,0,-1,0,0,0,,0,,0,,0,0,8258.25,0,1
17254607633,3843,8,8,8,8,20.779,0,0,0.11 | 0.11 | 0.11,0,1.19 | 1.90 | 2.40,0,1.67 | 2.11 | 3.37,8.258,0.000,0,1,0,0,0,0,-1,0,0,0,,0,,0,,0,0,8258.25,0,1
17254607634,3843,8,8,8,8,20.779,0,0,0.11 | 0.11 | 0.11,0,1.19 | 1.90 | 2.40,0,1.67 | 2.11 | 3.37,8.258,0.000,0,1,0,0,0,0,-1,0,0,0,,0,,0,,0,0,8258.25,0,1
17254607635,3843,8,8,8,8,20.779,0,0,0.11 | 0.11 | 0.11,0,1.19 | 1.90 | 2.40,0,1.67 | 2.11 | 3.37,8.258,0.000,0,1,0,0,0,0,-1,0,0,0,,0,,0,,0,0,7873.25,0,1
17254607636,3843,8,8,8,8,20.779,0,0,0.11 | 0.11 | 0.11,0,1.19 | 1.90 | 2.40,0,1.67 | 2.11 | 3.37,8.258,0.000,0,1,0,0,0,0,-1,0,0,0,,0,,0,,0,0,7873.25,0,1
17254607637,3843,8,8,8,8,20.779,0,0,0.11 | 0.11 | 0.11,0,1.19 | 1.90 | 2.40,0,1.67 | 2.11 | 3.37,8.258,0.000,0,1,0,0,0,0,-1,0,0,0,,0,,0,,0,0,7873.25,0,1
17254607638,3843,8,8,8,8,20.779,0,0,0.11 | 0.11 | 0.11,0,1.19 | 1.90 | 2.40,0,1.67 | 2.11 | 3.37,8.258,0.000,0,1,0,0,0,0,-1,0,0,0,,0,,0,,0,0,7873.25,0,1
17254607639,3843,8,8,8,8,20.779,0,0,0.11 | 0.11 | 0.11,0,1.19 | 1.90 | 2.40,0,1.67 | 2.11 | 3.37,8.258,0.000,0,1,0,0,0,0,-1,0,0,0,,0,,0,,0,0,7873.25,0,1
17254607640,3843,8,8,8,8,20.779,0,0,0.11 | 0.11 | 0.11,0,1.19 | 1.90 | 2.40,0,1.67 | 2.11 | 3.37,8.258,0.000,0,1,0,0,0,0,-1,0,0,0,,0,,0,,0,0,7873.25,0,1
17254607641,3843,8,8,8,8,24.517,0,0,0.11 | 0.11 | 0.11,0,1.19 | 1.95 | 2.59,0,1.55 | 2.06 | 3.37,7.873,0.000,0,1,0,0,0,0,-1,0,0,0,,0,,0,,0,0,7873.25,0,1
17254607642,3843,8,8,8,8,24.517,0,0,0.11 | 0.11 | 0.11,0,1.19 | 1.95 | 2.59,0,1.55 | 2.06 | 3.37,7.873,0.000,0,1,0,0,0,0,-1,0,0,0,,0,,0,,0,0,7873.25,0,1
17254607643,3843,8,8,8,8,24.517,0,0,0.11 | 0.11 | 0.11,0,1.19 | 1.95 | 2.59,0,1.55 | 2.06 | 3.37,7.873,0.000,0,1,0,0,0,0,-1,0,0,0,,0,,0,,0,0,7873.25,0,1
17254607644,3843,8,8,8,8,24.517,0,0,0.11 | 0.11 | 0.11,0,1.19 | 1.95 | 2.59,0,1.55 | 2.06 | 3.37,7.873,0.000,0,1,0,0,0,0,-1,0,0,0,,0,,0,,0,0,7873.25,0,1
17254607645,3843,8,8,8,8,24.517,0,0,0.11 | 0.11 | 0.11,0,1.19 | 1.95 | 2.59,0,1.55 | 2.06 | 3.37,7.873,0.000,0,1,0,0,0,0,-1,0,0,0,,0,,0,,0,0,7873.25,0,1
17254607646,3843,8,8,8,8,24.517,0,0,0.11 | 0.11 | 0.11,0,1.19 | 1.95 | 2.59,0,1.55 | 2.06 | 3.37,7.873,0.000,0,1,0,0,0,0,-1,0,0,0,,0,,0,,0,0,7873.25,0,1
17254607647,3843,8,8,8,8,24.517,0,0,0.11 | 0.11 | 0.11,0,1.19 | 1.95 | 2.59,0,1.55 | 2.06 | 3.37,7.873,0.000,0,1,0,0,0,0,-1,0,0,0,,0,,0,,0,0,7873.25,0,1
17254607648,3843,8,8,8,8,24.517,0,0,0.11 | 0.11 | 0.11,0,1.19 | 1.95 | 2.59,0,1.55 | 2.06 | 3.37,7.873,0.000,0,1,0,0,0,0,-1,0,0,0,,0,,0,,0,0,7873.25,0,1
17254607649,3843,8,8,8,8,24.517,0,0,0.11 | 0.11 | 0.11,0,1.19 | 1.95 | 2.59,0,1.55 | 2.06 | 3.37,7.873,0.000,0,1,0,0,0,0,-1,0,0,0,,0,,0,,0,0,7873.25,0,1
17254607650,3843,8,8,8,8,24.517,0,0,0.11 | 0.11 | 0.11,0,1.19 | 1.95 | 2.59,0,1.55 | 2.06 | 3.37,7.873,0.000,0,1,0,0,0,0,-1,0,0,0,,0,,0,,0,0,7873.25,0,1
17254607651,3843,8,8,8,8,23.454,0,0,0.11 | 0.11 | 0.11,0,1.19 | 1.95 | 2.59,0,1.55 | 2.06 | 3.37,7.873,0.000,0,1,0,0,0,0,-1,0,0,0,,0,,0,,0,0,7873.25,0,1
17254607652,3843,8,8,8,8,23.454,0,0,0.11 | 0.11 | 0.11,0,1.19 | 1.95 | 2.59,0,1.55 | 2.06 | 3.37,7.873,0.000,0,1,0,0,0,0,-1,0,0,0,,0,,0,,0,0,7873.25,0,1
17254607653,3843,8,8,8,8,23.454,0,0,0.11 | 0.11 | 0.11,0,1.19 | 1.95 | 2.59,0,1.55 | 2.06 | 3.37,7.873,0.000,0,1,0,0,0,0,-1,0,0,0,,0,,0,,0,0,7873.25,0,1
17254607654,3843,8,8,8,8,23.454,0,0,0.11 | 0.11 | 0.11,0,1.19 | 1.95 | 2.59,0,1.55 | 2.06 | 3.37,7.873,0.000,0,1,0,0,0,0,-1,0,0,0,,0,,0,,0,0,7873.25,0,1
17254607655,3843,8,8,8,8,23.454,0,0,0.11 | 0.11 | 0.11,0,1.19 | 1.95 | 2.59,0,1.55 | 2.06 | 3.37,7.873,0.000,0,1,0,0,0,0,-1,0,0,0,,0,,0,,0,0,7889.5,0,1
17254607656,3843,8,8,8,8,23.454,0,0,0.11 | 0.11 | 0.11,0,1.19 | 1.95 | 2.59,0,1.55 | 2.06 | 3.37,7.873,0.000,0,1,0,0,0,0,-1,0,0,0,,0,,0,,0,0,7889.5,0,1
17254607657,3843,8,8,8,8,23.454,0,0,0.11 | 0.11 | 0.11,0,1.19 | 1.95 | 2.59,0,1.55 | 2.06 | 3.37,7.873,0.000,0,1,0,0,0,0,-1,0,0,0,,0,,0,,0,0,7889.5,0,1
17254607658,3843,8,8,8,8,23.454,0,0,0.11 | 0.11 | 0.11,0,1.19 | 1.95 | 2.59,0,1.55 | 2.06 | 3.37,7.873,0.000,0,1,0,0,0,0,-1,0,0,0,,0,,0,,0,0,7889.5,0,1
17254607659,3843,8,8,8,8,23.454,0,0,0.11 | 0.11 | 0.11,0,1.19 | 1.95 | 2.59,0,1.55 | 2.06 | 3.37,7.873,0.000,0,1,0,0,0,0,-1,0,0,0,,0,,0,,0,0,7889.5,0,1
17254607660,3843,8,8,8,8,23.454,0,0,0.11 | 0.11 | 0.11,0,1.19 | 1.95 | 2.59,0,1.55 | 2.06 | 3.37,7.873,0.000,0,1,0,0,0,0,-1,0,0,0,,0,,0,,0,0,7889.5,0,1
17254607661,3843,8,8,8,8,25.857,0,0,0.11 | 0.11 | 0.11,0,1.19 | 2.01 | 2.59,0,1.55 | 1.99 | 3.37,7.889,0.000,0,1,0,0,0,0,-1,0,0,0,,0,,0,,0,0,7889.5,0,1
17254607662,3843,8,8,8,8,25.857,0,0,0.11 | 0.11 | 0.11,0,1.19 | 2.01 | 2.59,0,1.55 | 1.99 | 3.37,7.889,0.000,0,1,0,0,0,0,-1,0,0,0,,0,,0,,0,0,7889.5,0,1
17254607663,3843,8,8,8,8,25.857,0,0,0.11 | 0.11 | 0.11,0,1.19 | 2.01 | 2.59,0,1.55 | 1.99 | 3.37,7.889,0.000,0,1,0,0,0,0,-1,0,0,0,,0,,0,,0,0,7889.5,0,1
17254607664,3843,8,8,8,8,25.857,0,0,0.11 | 0.11 | 0.11,0,1.19 | 2.01 | 2.59,0,1.55 | 1.99 | 3.37,7.889,0.000,0,1,0,0,0,0,-1,0,0,0,,0,,0,,0,0,7889.5,0,1
17254607665,3843,8,8,8,8,25.857,0,0,0.11 | 0.11 | 0.11,0,1.19 | 2.01 | 2.59,0,1.55 | 1.99 | 3.37,7.889,0.000,0,1,0,0,0,0,-1,0,0,0,,0,,0,,0,0,7889.5,0,1
17254607666,3843,8,8,8,8,25.857,0,0,0.11 | 0.11 | 0.11,0,1.19 | 2.01 | 2.59,0,1.55 | 1.99 | 3.37,7.889,0.000,0,1,0,0,0,0,-1,0,0,0,,0,,0,,0,0,7889.5,0,1
17254607667,3843,8,8,8,8,25.857,0,0,0.11 | 0.11 | 0.11,0,1.19 | 2.01 | 2.59,0,1.55 | 1.99 | 3.37,7.889,0.000,0,1,0,0,0,0,-1,0,0,0,,0,,0,,0,0,7889.5,0,1
17254607668,3843,8,8,8,8,25.857,0,0,0.11 | 0.11 | 0.11,0,1.19 | 2.01 | 2.59,0,1.55 | 1.99 | 3.37,7.889,0.000,0,1,0,0,0,0,-1,0,0,0,,0,,0,,0,0,7889.5,0,1
17254607669,3843,8,8,8,8,25.857,0,0,0.11 | 0.11 | 0.11,0,1.19 | 2.01 | 2.59,0,1.55 | 1.99 | 3.37,7.889,0.000,0,1,0,0,0,0,-1,0,0,0,,0,,0,,0,0,7889.5,0,1
17254607670,3843,8,8,8,8,25.857,0,0,0.11 | 0.11 | 0.11,0,1.19 | 2.01 | 2.59,0,1.55 | 1.99 | 3.37,7.889,0.000,0,1,0,0,0,0,-1,0,0,0,,0,,0,,0,0,7889.5,0,1
17254607671,3843,8,8,8,8,24.631,0,0,0.11 | 0.11 | 0.11,0,1.19 | 2.01 | 2.59,0,1.55 | 1.99 | 3.37,7.889,0.000,0,1,0,0,0,0,-1,0,0,0,,0,,0,,0,0,7889.5,0,1
17254607672,3843,8,8,8,8,24.631,0,0,0.11 | 0.11 | 0.11,0,1.19 | 2.01 | 2.59,0,1.55 | 1.99 | 3.37,7.889,0.000,0,1,0,0,0,0,-1,0,0,0,,0,,0,,0,0,7889.5,0,1
17254607673,3843,8,8,8,8,24.631,0,0,0.11 | 0.11 | 0.11,0,1.19 | 2.01 | 2.59,0,1.55 | 1.99 | 3.37,7.889,0.000,0,1,0,0,0,0,-1,0,0,0,,0,,0,,0,0,7889.5,0,1
17254607674,3843,8,8,8,8,24.631,0,0,0.11 | 0.11 | 0.11,0,1.19 | 2.01 | 2.59,0,1.55 | 1.99 | 3.37,7.889,0.000,0,1,0,0,0,0,-1,0,0,0,,0,,0,,0,0,7889.5,0,1
17254607675,3843,8,8,8,8,24.631,0,0,0.11 | 0.11 | 0.11,0,1.19 | 2.01 | 2.59,0,1.55 | 1.99 | 3.37,7.889,0.000,0,1,0,0,0,0,-1,0,0,0,,0,,0,,0,0,7889.5,0,1
17254607676,3843,8,8,8,8,24.631,0,0,0.11 | 0.11 | 0.11,0,1.19 | 2.01 | 2.59,0,1.55 | 1.99 | 3.37,7.889,0.000,0,1,0,0,0,0,-1,0,0,0,,0,,0,,0,0,7889.5,0,1
17254607677,3843,8,8,8,8,24.631,0,0,0.11 | 0.11 | 0.11,0,1.19 | 2.01 | 2.59,0,1.55 | 1.99 | 3.37,7.889,0.000,0,1,0,0,0,0,-1,0,0,0,,0,,0,,0,0,7889.5,0,1
17254607678,3843,8,8,8,8,24.631,0,0,0.11 | 0.11 | 0.11,0,1.19 | 2.01 | 2.59,0,1.55 | 1.99 | 3.37,7.889,0.000,0,1,0,0,0,0,-1,0,0,0,,0,,0,,0,0,7889.5,0,1
17254607679,3843,8,8,8,8,24.631,0,0,0.11 | 0.11 | 0.11,0,1.19 | 2.01 | 2.59,0,1.55 | 1.99 | 3.37,7.889,0.000,0,1,0,0,0,0,-1,0,0,0,,0,,0,,0,0,7889.5,0,1
17254607680,3843,8,8,8,8,24.631,0,0,0.11 | 0.11 | 0.11,0,1.19 | 2.01 | 2.59,0,1.55 | 1.99 | 3.37,7.889,0.000,0,1,0,0,0,0,-1,0,0,0,,0,,0,,0,0,7889.5,0,1
17254607681,3843,8,8,8,8,28.433,0,0,0.11 | 0.11 | 0.11,0,1.19 | 2.04 | 2.59,0,1.55 | 1.96 | 3.37,7.753,0.000,0,1,0,0,0,0,-1,0,0,0,,0,,0,,0,0,7753,0,1
17254607682,3843,8,8,8,8,28.433,0,0,0.11 | 0.11 | 0.11,0,1.19 | 2.04 | 2.59,0,1.55 | 1.96 | 3.37,7.753,0.000,0,1,0,0,0,0,-1,0,0,0,,0,,0,,0,0,7753,0,1
17254607683,3843,8,8,8,8,28.433,0,0,0.11 | 0.11 | 0.11,0,1.19 | 2.04 | 2.59,0,1.55 | 1.96 | 3.37,7.753,0.000,0,1,0,0,0,0,-1,0,0,0,,0,,0,,0,0,7753,0,1
17254607684,3843,8,8,8,8,28.433,0,0,0.11 | 0.11 | 0.11,0,1.19 | 2.04 | 2.59,0,1.55 | 1.96 | 3.37,7.753,0.000,0,1,0,0,0,0,-1,0,0,0,,0,,0,,0,0,7753,0,1
17254607685,3843,8,8,8,8,28.433,0,0,0.11 | 0.11 | 0.11,0,1.19 | 2.04 | 2.59,0,1.55 | 1.96 | 3.37,7.753,0.000,0,1,0,0,0,0,-1,0,0,0,,0,,0,,0,0,7753,0,1
17254607686,3843,8,8,8,8,28.433,0,0,0.11 | 0.11 | 0.11,0,1.19 | 2.04 | 2.59,0,1.55 | 1.96 | 3.37,7.753,0.000,0,1,0,0,0,0,-1,0,0,0,,0,,0,,0,0,7753,0,1
17254607687,3843,8,8,8,8,28.433,0,0,0.11 | 0.11 | 0.11,0,1.19 | 2.04 | 2.59,0,1.55 | 1.96 | 3.37,7.753,0.000,0,1,0,0,0,0,-1,0,0,0,,0,,0,,0,0,7753,0,1
17254607688,3843,8,8,8,8,28.433,0,0,0.11 | 0.11 | 0.11,0,1.19 | 2.04 | 2.59,0,1.55 | 1.96 | 3.37,7.753,0.000,0,1,0,0,0,0,-1,0,0,0,,0,,0,,0,0,7753,0,1
17254607689,3843,8,8,8,8,28.433,0,0,0.11 | 0.11 | 0.11,0,1.19 | 2.04 | 2.59,0,1.55 | 1.96 | 3.37,7.753,0.000,0,1,0,0,0,0,-1,0,0,0,,0,,0,,0,0,7753,0,1
17254607690,3843,8,8,8,8,28.433,0,0,0.11 | 0.11 | 0.11,0,1.19 | 2.04 | 2.59,0,1.55 | 1.96 | 3.37,7.753,0.000,0,1,0,0,0,0,-1,0,0,0,,0,,0,,0,0,7753,0,1
17254607691,3843,8,8,8,8,27.47,0,0,0.11 | 0.11 | 0.11,0,1.19 | 2.04 | 2.59,0,1.55 | 1.96 | 3.37,7.753,0.000,0,1,0,0,0,0,-1,0,0,0,,0,,0,,0,0,7753,0,1
17254607692,3843,8,8,8,8,27.47,0,0,0.11 | 0.11 | 0.11,0,1.19 | 2.04 | 2.59,0,1.55 | 1.96 | 3.37,7.753,0.000,0,1,0,0,0,0,-1,0,0,0,,0,,0,,0,0,7753,0,1
17254607693,3843,8,8,8,8,27.47,0,0,0.11 | 0.11 | 0.11,0,1.19 | 2.04 | 2.59,0,1.55 | 1.96 | 3.37,7.753,0.000,0,1,0,0,0,0,-1,0,0,0,,0,,0,,0,0,7753,0,1
17254607694,3843,8,8,8,8,27.47,0,0,0.11 | 0.11 | 0.11,0,1.19 | 2.04 | 2.59,0,1.55 | 1.96 | 3.37,7.753,0.000,0,1,0,0,0,0,-1,0,0,0,,0,,0,,0,0,7753,0,1
17254607695,3843,8,8,8,8,27.47,0,0,0.11 | 0.11 | 0.11,0,1.19 | 2.04 | 2.59,0,1.55 | 1.96 | 3.37,7.753,0.000,0,1,0,0,0,0,-1,0,0,0,,0,,0,,0,0,7753,0,1
17254607696,3843,8,8,8,8,27.47,0,0,0.11 | 0.11 | 0.11,0,1.19 | 2.04 | 2.59,0,1.55 | 1.96 | 3.37,7.753,0.000,0,1,0,0,0,0,-1,0,0,0,,0,,0,,0,0,7753,0,1
17254607697,3843,8,8,8,8,27.47,0,0,0.11 | 0.11 | 0.11,0,1.19 | 2.04 | 2.59,0,1.55 | 1.96 | 3.37,7.753,0.000,0,1,0,0,0,0,-1,0,0,0,,0,,0,,0,0,7753,0,1
17254607698,3843,8,8,8,8,27.47,0,0,0.11 | 0.11 | 0.11,0,1.19 | 2.04 | 2.59,0,1.55 | 1.96 | 3.37,7.753,0.000,0,1,0,0,0,0,-1,0,0,0,,0,,0,,0,0,7753,0,1
17254607699,3843,8,8,8,8,27.47,0,0,0.11 | 0.11 | 0.11,0,1.19 | 2.04 | 2.59,0,1.55 | 1.96 | 3.37,7.753,0.000,0,1,0,0,0,0,-1,0,0,0,,0,,0,,0,0,7753,0,1
17254607700,3843,8,8,8,8,27.47,0,0,0.11 | 0.11 | 0.11,0,1.19 | 2.04 | 2.59,0,1.55 | 1.96 | 3.37,7.753,0.000,0,1,0,0,0,0,-1,0,0,0,,0,,0,,0,0,7753,0,1
17254607701,3843,8,8,8,8,29.638,0,0,0.11 | 0.11 | 0.11,0,1.84 | 2.21 | 2.59,0,1.55 | 1.81 | 2.18,7.543,0.000,0,1,0,0,0,0,-1,0,0,0,,0,,0,,0,0,7542.75,0,1
17254607702,3843,8,8,8,8,29.638,0,0,0.11 | 0.11 | 0.11,0,1.84 | 2.21 | 2.59,0,1.55 | 1.81 | 2.18,7.543,0.000,0,1,0,0,0,0,-1,0,0,0,,0,,0,,0,0,7542.75,0,1
17254607703,3843,8,8,8,8,29.638,0,0,0.11 | 0.11 | 0.11,0,1.84 | 2.21 | 2.59,0,1.55 | 1.81 | 2.18,7.543,0.000,0,1,0,0,0,0,-1,0,0,0,,0,,0,,0,0,7542.75,0,1
17254607704,3843,8,8,8,8,29.638,0,0,0.11 | 0.11 | 0.11,0,1.84 | 2.21 | 2.59,0,1.55 | 1.81 | 2.18,7.543,0.000,0,1,0,0,0,0,-1,0,0,0,,0,,0,,0,0,7542.75,0,1
17254607705,3843,8,8,8,8,29.638,0,0,0.11 | 0.11 | 0.11,0,1.84 | 2.21 | 2.59,0,1.55 | 1.81 | 2.18,7.543,0.000,0,1,0,0,0,0,-1,0,0,0,,0,,0,,0,0,7542.75,0,1
17254607706,3843,8,8,8,8,29.638,0,0,0.11 | 0.11 | 0.11,0,1.84 | 2.21 | 2.59,0,1.55 | 1.81 | 2.18,7.543,0.000,0,1,0,0,0,0,-1,0,0,0,,0,,0,,0,0,7542.75,0,1
17254607707,3843,8,8,8,8,29.638,0,0,0.11 | 0.11 | 0.11,0,1.84 | 2.21 | 2.59,0,1.55 | 1.81 | 2.18,7.543,0.000,0,1,0,0,0,0,-1,0,0,0,,0,,0,,0,0,7542.75,0,1
17254607708,3843,8,8,8,8,29.638,0,0,0.11 | 0.11 | 0.11,0,1.84 | 2.21 | 2.59,0,1.55 | 1.81 | 2.18,7.543,0.000,0,1,0,0,0,0,-1,0,0,0,,0,,0,,0,0,7542.75,0,1
17254607709,3843,8,8,8,8,29.638,0,0,0.11 | 0.11 | 0.11,0,1.84 | 2.21 | 2.59,0,1.55 | 1.81 | 2.18,7.543,0.000,0,1,0,0,0,0,-1,0,0,0,,0,,0,,0,0,7542.75,0,1
17254607710,3843,8,8,8,8,29.638,0,0,0.11 | 0.11 | 0.11,0,1.84 | 2.21 | 2.59,0,1.55 | 1.81 | 2.18,7.543,0.000,0,1,0,0,0,0,-1,0,0,0,,0,,0,,0,0,7542.75,0,1
17254607711,3843,8,8,8,8,28.809,0,0,0.11 | 0.11 | 0.11,0,1.84 | 2.21 | 2.59,0,1.55 | 1.81 | 2.18,7.543,0.000,0,1,0,0,0,0,-1,0,0,0,,0,,0,,0,0,7542.75,0,1
17254607712,3843,8,8,8,8,28.809,0,0,0.11 | 0.11 | 0.11,0,1.84 | 2.21 | 2.59,0,1.55 | 1.81 | 2.18,7.543,0.000,0,1,0,0,0,0,-1,0,0,0,,0,,0,,0,0,7542.75,0,1
17254607713,3843,8,8,8,8,28.809,0,0,0.11 | 0.11 | 0.11,0,1.84 | 2.21 | 2.59,0,1.55 | 1.81 | 2.18,7.543,0.000,0,1,0,0,0,0,-1,0,0,0,,0,,0,,0,0,7542.75,0,1
17254607714,3843,8,8,8,8,28.809,0,0,0.11 | 0.11 | 0.11,0,1.84 | 2.21 | 2.59,0,1.55 | 1.81 | 2.18,7.543,0.000,0,1,0,0,0,0,-1,0,0,0,,0,,0,,0,0,7542.75,0,1
17254607715,3843,8,8,8,8,28.809,0,0,0.11 | 0.11 | 0.11,0,1.84 | 2.21 | 2.59,0,1.55 | 1.81 | 2.18,7.543,0.000,0,1,0,0,0,0,-1,0,0,0,,0,,0,,0,0,7542.75,0,1
17254607716,3843,8,8,8,8,28.809,0,0,0.11 | 0.11 | 0.11,0,1.84 | 2.21 | 2.59,0,1.55 | 1.81 | 2.18,7.543,0.000,0,1,0,0,0,0,-1,0,0,0,,0,,0,,0,0,7542.75,0,1
17254607717,3843,8,8,8,8,28.809,0,0,0.11 | 0.11 | 0.11,0,1.84 | 2.21 | 2.59,0,1.55 | 1.81 | 2.18,7.543,0.000,0,1,0,0,0,0,-1,0,0,0,,0,,0,,0,0,7542.75,0,1
17254607718,3843,8,8,8,8,28.809,0,0,0.11 | 0.11 | 0.11,0,1.84 | 2.21 | 2.59,0,1.55 | 1.81 | 2.18,7.543,0.000,0,1,0,0,0,0,-1,0,0,0,,0,,0,,0,0,7542.75,0,1
17254607719,3843,8,8,8,8,28.809,0,0,0.11 | 0.11 | 0.11,0,1.84 | 2.21 | 2.59,0,1.55 | 1.81 | 2.18,7.543,0.000,0,1,0,0,0,0,-1,0,0,0,,0,,0,,0,0,7542.75,0,1
17254607720,3843,8,8,8,8,28.809,0,0,0.11 | 0.11 | 0.11,0,1.84 | 2.21 | 2.59,0,1.55 | 1.81 | 2.18,7.543,0.000,0,1,0,0,0,0,-1,0,0,0,,0,,0,,0,0,7542.75,0,1
17254607721,3843,8,8,8,8,27.748,0,0,0.11 | 0.11 | 0.11,0,1.84 | 2.21 | 2.59,0,1.55 | 1.81 | 2.18,7.543,0.000,0,1,0,0,0,0,-1,0,0,0,,0,,0,,0,0,7542.75,0,1
17254607722,3843,8,8,8,8,27.748,0,0,0.11 | 0.11 | 0.11,0,1.84 | 2.21 | 2.59,0,1.55 | 1.81 | 2.18,7.543,0.000,0,1,0,0,0,0,-1,0,0,0,,0,,0,,0,0,7542.75,0,1
17254607723,3843,8,8,8,8,27.748,0,0,0.11 | 0.11 | 0.11,0,1.84 | 2.21 | 2.59,0,1.55 | 1.81 | 2.18,7.543,0.000,0,1,0,0,0,0,-1,0,0,0,,0,,0,,0,0,7542.75,0,1
17254607724,3843,8,8,8,8,27.748,0,0,0.11 | 0.11 | 0.11,0,1.84 | 2.21 | 2.59,0,1.55 | 1.81 | 2.18,7.543,0.000,0,1,0,0,0,0,-1,0,0,0,,0,,0,,0,0,7542.75,0,1
17254607725,3843,8,8,8,8,27.748,0,0,0.11 | 0.11 | 0.11,0,1.84 | 2.21 | 2.59,0,1.55 | 1.81 | 2.18,7.543,0.000,0,1,0,0,0,0,-1,0,0,0,,0,,0,,0,0,7868.75,0,1
17254607726,3843,8,8,8,8,27.748,0,0,0.11 | 0.11 | 0.11,0,1.84 | 2.21 | 2.59,0,1.55 | 1.81 | 2.18,7.543,0.000,0,1,0,0,0,0,-1,0,0,0,,0,,0,,0,0,7868.75,0,1
17254607727,3843,8,8,8,8,27.748,0,0,0.11 | 0.11 | 0.11,0,1.84 | 2.21 | 2.59,0,1.55 | 1.81 | 2.18,7.543,0.000,0,1,0,0,0,0,-1,0,0,0,,0,,0,,0,0,7868.75,0,1
17254607728,3843,8,8,8,8,27.748,0,0,0.11 | 0.11 | 0.11,0,1.84 | 2.21 | 2.59,0,1.55 | 1.81 | 2.18,7.543,0.000,0,1,0,0,0,0,-1,0,0,0,,0,,0,,0,0,7868.75,0,1
17254607729,3843,8,8,8,8,27.748,0,0,0.11 | 0.11 | 0.11,0,1.84 | 2.21 | 2.59,0,1.55 | 1.81 | 2.18,7.543,0.000,0,1,0,0,0,0,-1,0,0,0,,0,,0,,0,0,7868.75,0,1
17254607730,3843,8,8,8,8,27.748,0,0,0.11 | 0.11 | 0.11,0,1.84 | 2.21 | 2.59,0,1.55 | 1.81 | 2.18,7.543,0.000,0,1,0,0,0,0,-1,0,0,0,,0,,0,,0,0,7868.75,0,1
17254607731,3843,8,8,8,8,31.485,0,0,0.11 | 0.11 | 0.11,0,1.84 | 2.13 | 2.52,0,1.59 | 1.88 | 2.18,7.869,0.000,0,1,0,0,0,0,-1,0,0,0,,0,,0,,0,0,7868.75,0,1
17254607732,3843,8,8,8,8,31.485,0,0,0.11 | 0.11 | 0.11,0,1.84 | 2.13 | 2.52,0,1.59 | 1.88 | 2.18,7.869,0.000,0,1,0,0,0,0,-1,0,0,0,,0,,0,,0,0,7868.75,0,1
17254607733,3843,8,8,8,8,31.485,0,0,0.11 | 0.11 | 0.11,0,1.84 | 2.13 | 2.52,0,1.59 | 1.88 | 2.18,7.869,0.000,0,1,0,0,0,0,-1,0,0,0,,0,,0,,0,0,7868.75,0,1
17254607734,3843,8,8,8,8,31.485,0,0,0.11 | 0.11 | 0.11,0,1.84 | 2.13 | 2.52,0,1.59 | 1.88 | 2.18,7.869,0.000,0,1,0,0,0,0,-1,0,0,0,,0,,0,,0,0,7868.75,0,1
17254607735,3843,8,8,8,8,31.485,0,0,0.11 | 0.11 | 0.11,0,1.84 | 2.13 | 2.52,0,1.59 | 1.88 | 2.18,7.869,0.000,0,1,0,0,0,0,-1,0,0,0,,0,,0,,0,0,7868.75,0,1
17254607736,3843,8,8,8,8,31.485,0,0,0.11 | 0.11 | 0.11,0,1.84 | 2.13 | 2.52,0,1.59 | 1.88 | 2.18,7.869,0.000,0,1,0,0,0,0,-1,0,0,0,,0,,0,,0,0,7868.75,0,1
17254607737,3843,8,8,8,8,31.485,0,0,0.11 | 0.11 | 0.11,0,1.84 | 2.13 | 2.52,0,1.59 | 1.88 | 2.18,7.869,0.000,0,1,0,0,0,0,-1,0,0,0,,0,,0,,0,0,7868.75,0,1
17254607738,3843,8,8,8,8,31.485,0,0,0.11 | 0.11 | 0.11,0,1.84 | 2.13 | 2.52,0,1.59 | 1.88 | 2.18,7.869,0.000,0,1,0,0,0,0,-1,0,0,0,,0,,0,,0,0,7868.75,0,1
17254607739,3843,8,8,8,8,31.485,0,0,0.11 | 0.11 | 0.11,0,1.84 | 2.13 | 2.52,0,1.59 | 1.88 | 2.18,7.869,0.000,0,1,0,0,0,0,-1,0,0,0,,0,,0,,0,0,7868.75,0,1
17254607740,3843,8,8,8,8,31.485,0,0,0.11 | 0.11 | 0.11,0,1.84 | 2.13 | 2.52,0,1.59 | 1.88 | 2.18,7.869,0.000,0,1,0,0,0,0,-1,0,0,0,,0,,0,,0,0,7868.75,0,1
17254607741,3843,8,8,8,8,30.688,0,0,0.11 | 0.11 | 0.11,0,1.84 | 2.13 | 2.52,0,1.59 | 1.88 | 2.18,7.869,0.000,0,1,0,0,0,0,-1,0,0,0,,0,,0,,0,0,7868.75,0,1
17254607742,3843,8,8,8,8,30.688,0,0,0.11 | 0.11 | 0.11,0,1.84 | 2.13 | 2.52,0,1.59 | 1.88 | 2.18,7.869,0.000,0,1,0,0,0,0,-1,0,0,0,,0,,0,,0,0,7868.75,0,1
17254607743,3843,8,8,8,8,30.688,0,0,0.11 | 0.11 | 0.11,0,1.84 | 2.13 | 2.52,0,1.59 | 1.88 | 2.18,7.869,0.000,0,1,0,0,0,0,-1,0,0,0,,0,,0,,0,0,7868.75,0,1
17254607744,3843,8,8,8,8,30.688,0,0,0.11 | 0.11 | 0.11,0,1.84 | 2.13 | 2.52,0,1.59 | 1.88 | 2.18,7.869,0.000,0,1,0,0,0,0,-1,0,0,0,,0,,0,,0,0,7868.75,0,1
17254607745,3843,8,8,8,8,30.688,0,0,0.11 | 0.11 | 0.11,0,1.84 | 2.13 | 2.52,0,1.59 | 1.88 | 2.18,7.869,0.000,0,1,0,0,0,0,-1,0,0,0,,0,,0,,0,0,7868.75,0,1
17254607746,3843,8,8,8,8,30.688,0,0,0.11 | 0.11 | 0.11,0,1.84 | 2.13 | 2.52,0,1.59 | 1.88 | 2.18,7.869,0.000,0,1,0,0,0,0,-1,0,0,0,,0,,0,,0,0,7868.75,0,1
17254607747,3843,8,8,8,8,30.688,0,0,0.11 | 0.11 | 0.11,0,1.84 | 2.13 | 2.52,0,1.59 | 1.88 | 2.18,7.869,0.000,0,1,0,0,0,0,-1,0,0,0,,0,,0,,0,0,7868.75,0,1
17254607748,3843,8,8,8,8,30.688,0,0,0.11 | 0.11 | 0.11,0,1.84 | 2.13 | 2.52,0,1.59 | 1.88 | 2.18,7.869,0.000,0,1,0,0,0,0,-1,0,0,0,,0,,0,,0,0,7868.75,0,1
17254607749,3843,8,8,8,8,30.688,0,0,0.11 | 0.11 | 0.11,0,1.84 | 2.13 | 2.52,0,1.59 | 1.88 | 2.18,7.869,0.000,0,1,0,0,0,0,-1,0,0,0,,0,,0,,0,0,7868.75,0,1
17254607750,3843,8,8,8,8,30.688,0,0,0.11 | 0.11 | 0.11,0,1.84 | 2.13 | 2.52,0,1.59 | 1.88 | 2.18,7.869,0.000,0,1,0,0,0,0,-1,0,0,0,,0,,0,,0,0,7868.75,0,1
17254607751,3843,8,8,8,8,29.622,0,0,0.11 | 0.11 | 0.11,0,1.84 | 2.13 | 2.52,0,1.59 | 1.88 | 2.18,7.869,0.000,0,1,0,0,0,0,-1,0,0,0,,0,,0,,0,0,7868.75,0,1
17254607752,3843,8,8,8,8,29.622,0,0,0.11 | 0.11 | 0.11,0,1.84 | 2.13 | 2.52,0,1.59 | 1.88 | 2.18,7.869,0.000,0,1,0,0,0,0,-1,0,0,0,,0,,0,,0,0,7868.75,0,1
17254607753,3843,8,8,8,8,29.622,0,0,0.11 | 0.11 | 0.11,0,1.84 | 2.13 | 2.52,0,1.59 | 1.88 | 2.18,7.869,0.000,0,1,0,0,0,0,-1,0,0,0,,0,,0,,0,0,7868.75,0,1
17254607754,3843,8,8,8,8,29.622,0,0,0.11 | 0.11 | 0.11,0,1.84 | 2.13 | 2.52,0,1.59 | 1.88 | 2.18,7.869,0.000,0,1,0,0,0,0,-1,0,0,0,,0,,0,,0,0,7868.75,0,1
17254607755,3843,8,8,8,8,29.622,0,0,0.11 | 0.11 | 0.11,0,1.84 | 2.13 | 2.52,0,1.59 | 1.88 | 2.18,7.869,0.000,0,1,0,0,0,0,-1,0,0,0,,0,,0,,0,0,7868.75,0,1
17254607756,3843,8,8,8,8,29.622,0,0,0.11 | 0.11 | 0.11,0,1.84 | 2.13 | 2.52,0,1.59 | 1.88 | 2.18,7.869,0.000,0,1,0,0,0,0,-1,0,0,0,,0,,0,,0,0,7868.75,0,1
17254607757,3843,8,8,8,8,29.622,0,0,0.11 | 0.11 | 0.11,0,1.84 | 2.13 | 2.52,0,1.59 | 1.88 | 2.18,7.869,0.000,0,1,0,0,0,0,-1,0,0,0,,0,,0,,0,0,7868.75,0,1
17254607758,3843,8,8,8,8,29.622,0,0,0.11 | 0.11 | 0.11,0,1.84 | 2.13 | 2.52,0,1.59 | 1.88 | 2.18,7.869,0.000,0,1,0,0,0,0,-1,0,0,0,,0,,0,,0,0,7868.75,0,1
17254607759,3843,8,8,8,8,29.622,0,0,0.11 | 0.11 | 0.11,0,1.84 | 2.13 | 2.52,0,1.59 | 1.88 | 2.18,7.869,0.000,0,1,0,0,0,0,-1,0,0,0,,0,,0,,0,0,7868.75,0,1
17254607760,3843,8,8,8,8,29.622,0,0,0.11 | 0.11 | 0.11,0,1.84 | 2.13 | 2.52,0,1.59 | 1.88 | 2.18,7.869,0.000,0,1,0,0,0,0,-1,0,0,0,,0,,0,,0,0,7868.75,0,1
17254607761,3843,8,8,8,8,28.563,0,0,0.11 | 0.11 | 0.11,0,1.84 | 2.13 | 2.52,0,1.59 | 1.88 | 2.18,7.869,0.000,0,1,0,0,0,0,-1,0,0,0,,0,,0,,0,0,7868.75,0,1
17254607762,3843,8,8,8,8,28.563,0,0,0.11 | 0.11 | 0.11,0,1.84 | 2.13 | 2.52,0,1.59 | 1.88 | 2.18,7.869,0.000,0,1,0,0,0,0,-1,0,0,0,,0,,0,,0,0,7868.75,0,1
17254607763,3843,8,8,8,8,28.563,0,0,0.11 | 0.11 | 0.11,0,1.84 | 2.13 | 2.52,0,1.59 | 1.88 | 2.18,7.869,0.000,0,1,0,0,0,0,-1,0,0,0,,0,,0,,0,0,7868.75,0,1
17254607764,3843,8,8,8,8,28.563,0,0,0.11 | 0.11 | 0.11,0,1.84 | 2.13 | 2.52,0,1.59 | 1.88 | 2.18,7.869,0.000,0,1,0,0,0,0,-1,0,0,0,,0,,0,,0,0,7868.75,0,1
17254607765,3843,8,8,8,8,28.563,0,0,0.11 | 0.11 | 0.11,0,1.84 | 2.13 | 2.52,0,1.59 | 1.88 | 2.18,7.869,0.000,0,1,0,0,0,0,-1,0,0,0,,0,,0,,0,0,7868.75,0,1
17254607766,3843,8,8,8,8,28.563,0,0,0.11 | 0.11 | 0.11,0,1.84 | 2.13 | 2.52,0,1.59 | 1.88 | 2.18,7.869,0.000,0,1,0,0,0,0,-1,0,0,0,,0,,0,,0,0,7868.75,0,1
17254607767,3843,8,8,8,8,28.563,0,0,0.11 | 0.11 | 0.11,0,1.84 | 2.13 | 2.52,0,1.59 | 1.88 | 2.18,7.869,0.000,0,1,0,0,0,0,-1,0,0,0,,0,,0,,0,0,7868.75,0,1
17254607768,3843,8,8,8,8,28.563,0,0,0.11 | 0.11 | 0.11,0,1.84 | 2.13 | 2.52,0,1.59 | 1.88 | 2.18,7.869,0.000,0,1,0,0,0,0,-1,0,0,0,,0,,0,,0,0,7732.5,0,1
17254607769,3843,8,8,8,8,28.563,0,0,0.11 | 0.11 | 0.11,0,1.84 | 2.13 | 2.52,0,1.59 | 1.88 | 2.18,7.869,0.000,0,1,0,0,0,0,-1,0,0,0,,0,,0,,0,0,7732.5,0,1
17254607770,3843,8,8,8,8,28.563,0,0,0.11 | 0.11 | 0.11,0,1.84 | 2.13 | 2.52,0,1.59 | 1.88 | 2.18,7.869,0.000,0,1,0,0,0,0,-1,0,0,0,,0,,0,,0,0,7732.5,0,1
17254607771,3843,8,8,8,8,30.631,0,0,0.11 | 0.11 | 0.11,0,1.73 | 2.10 | 2.52,0,1.59 | 1.91 | 2.31,7.732,0.000,0,1,0,0,0,0,-1,0,0,0,,0,,0,,0,0,7732.5,0,1
17254607772,3843,8,8,8,8,30.631,0,0,0.11 | 0.11 | 0.11,0,1.73 | 2.10 | 2.52,0,1.59 | 1.91 | 2.31,7.732,0.000,0,1,0,0,0,0,-1,0,0,0,,0,,0,,0,0,7732.5,0,1
17254607773,3843,8,8,8,8,30.631,0,0,0.11 | 0.11 | 0.11,0,1.73 | 2.10 | 2.52,0,1.59 | 1.91 | 2.31,7.732,0.000,0,1,0,0,0,0,-1,0,0,0,,0,,0,,0,0,7732.5,0,1
17254607774,3843,8,8,8,8,30.631,0,0,0.11 | 0.11 | 0.11,0,1.73 | 2.10 | 2.52,0,1.59 | 1.91 | 2.31,7.732,0.000,0,1,0,0,0,0,-1,0,0,0,,0,,0,,0,0,7732.5,0,1
17254607775,3843,8,8,8,8,30.631,0,0,0.11 | 0.11 | 0.11,0,1.73 | 2.10 | 2.52,0,1.59 | 1.91 | 2.31,7.732,0.000,0,1,0,0,0,0,-1,0,0,0,,0,,0,,0,0,7732.5,0,1
17254607776,3843,8,8,8,8,30.631,0,0,0.11 | 0.11 | 0.11,0,1.73 | 2.10 | 2.52,0,1.59 | 1.91 | 2.31,7.732,0.000,0,1,0,0,0,0,-1,0,0,0,,0,,0,,0,0,7732.5,0,1
17254607777,3843,8,8,8,8,30.631,0,0,0.11 | 0.11 | 0.11,0,1.73 | 2.10 | 2.52,0,1.59 | 1.91 | 2.31,7.732,0.000,0,1,0,0,0,0,-1,0,0,0,,0,,0,,0,0,7732.5,0,1
17254607778,3843,8,8,8,8,30.631,0,0,0.11 | 0.11 | 0.11,0,1.73 | 2.10 | 2.52,0,1.59 | 1.91 | 2.31,7.732,0.000,0,1,0,0,0,0,-1,0,0,0,,0,,0,,0,0,7732.5,0,1
17254607779,3843,8,8,8,8,30.631,0,0,0.11 | 0.11 | 0.11,0,1.73 | 2.10 | 2.52,0,1.59 | 1.91 | 2.31,7.732,0.000,0,1,0,0,0,0,-1,0,0,0,,0,,0,,0,0,7732.5,0,1
17254607780,3843,8,8,8,8,30.631,0,0,0.11 | 0.11 | 0.11,0,1.73 | 2.10 | 2.52,0,1.59 | 1.91 | 2.31,7.732,0.000,0,1,0,0,0,0,-1,0,0,0,,0,,0,,0,0,7732.5,0,1
17254607781,3843,8,8,8,8,29.638,0,0,0.11 | 0.11 | 0.11,0,1.73 | 2.10 | 2.52,0,1.59 | 1.91 | 2.31,7.732,0.000,0,1,0,0,0,0,-1,0,0,0,,0,,0,,0,0,7732.5,0,1
17254607782,3843,8,8,8,8,29.638,0,0,0.11 | 0.11 | 0.11,0,1.73 | 2.10 | 2.52,0,1.59 | 1.91 | 2.31,7.732,0.000,0,1,0,0,0,0,-1,0,0,0,,0,,0,,0,0,7732.5,0,1
17254607783,3843,8,8,8,8,29.638,0,0,0.11 | 0.11 | 0.11,0,1.73 | 2.10 | 2.52,0,1.59 | 1.91 | 2.31,7.732,0.000,0,1,0,0,0,0,-1,0,0,0,,0,,0,,0,0,7732.5,0,1
17254607784,3843,8,8,8,8,29.638,0,0,0.11 | 0.11 | 0.11,0,1.73 | 2.10 | 2.52,0,1.59 | 1.91 | 2.31,7.732,0.000,0,1,0,0,0,0,-1,0,0,0,,0,,0,,0,0,7732.5,0,1
17254607785,3843,8,8,8,8,29.638,0,0,0.11 | 0.11 | 0.11,0,1.73 | 2.10 | 2.52,0,1.59 | 1.91 | 2.31,7.732,0.000,0,1,0,0,0,0,-1,0,0,0,,0,,0,,0,0,7732.5,0,1
17254607786,3843,8,8,8,8,29.638,0,0,0.11 | 0.11 | 0.11,0,1.73 | 2.10 | 2.52,0,1.59 | 1.91 | 2.31,7.732,0.000,0,1,0,0,0,0,-1,0,0,0,,0,,0,,0,0,7732.5,0,1
17254607787,3843,8,8,8,8,29.638,0,0,0.11 | 0.11 | 0.11,0,1.73 | 2.10 | 2.52,0,1.59 | 1.91 | 2.31,7.732,0.000,0,1,0,0,0,0,-1,0,0,0,,0,,0,,0,0,7732.5,0,1
17254607788,3843,8,8,8,8,29.638,0,0,0.11 | 0.11 | 0.11,0,1.73 | 2.10 | 2.52,0,1.59 | 1.91 | 2.31,7.732,0.000,0,1,0,0,0,0,-1,0,0,0,,0,,0,,0,0,7732.5,0,1
17254607789,3843,8,8,8,8,29.638,0,0,0.11 | 0.11 | 0.11,0,1.73 | 2.10 | 2.52,0,1.59 | 1.91 | 2.31,7.732,0.000,0,1,0,0,0,0,-1,0,0,0,,0,,0,,0,0,7732.5,0,1
17254607790,3843,8,8,8,8,29.638,0,0,0.11 | 0.11 | 0.11,0,1.73 | 2.10 | 2.52,0,1.59 | 1.91 | 2.31,7.732,0.000,0,1,0,0,0,0,-1,0,0,0,,0,,0,,0,0,7732.5,0,1
17254607791,3843,8,8,8,8,28.841,0,0,0.11 | 0.11 | 0.11,0,1.73 | 2.10 | 2.52,0,1.59 | 1.91 | 2.31,7.732,0.000,0,1,0,0,0,0,-1,0,0,0,,0,,0,,0,0,7732.5,0,1
17254607792,3843,8,8,8,8,28.841,0,0,0.11 | 0.11 | 0.11,0,1.73 | 2.10 | 2.52,0,1.59 | 1.91 | 2.31,7.732,0.000,0,1,0,0,0,0,-1,0,0,0,,0,,0,,0,0,7732.5,0,1
17254607793,3843,8,8,8,8,28.841,0,0,0.11 | 0.11 | 0.11,0,1.73 | 2.10 | 2.52,0,1.59 | 1.91 | 2.31,7.732,0.000,0,1,0,0,0,0,-1,0,0,0,,0,,0,,0,0,7732.5,0,1
17254607794,3843,8,8,8,8,28.841,0,0,0.11 | 0.11 | 0.11,0,1.73 | 2.10 | 2.52,0,1.59 | 1.91 | 2.31,7.732,0.000,0,1,0,0,0,0,-1,0,0,0,,0,,0,,0,0,7732.5,0,1
17254607795,3843,8,8,8,8,28.841,0,0,0.11 | 0.11 | 0.11,0,1.73 | 2.10 | 2.52,0,1.59 | 1.91 | 2.31,7.732,0.000,0,1,0,0,0,0,-1,0,0,0,,0,,0,,0,0,7732.5,0,1
17254607796,3843,8,8,8,8,28.841,0,0,0.11 | 0.11 | 0.11,0,1.73 | 2.10 | 2.52,0,1.59 | 1.91 | 2.31,7.732,0.000,0,1,0,0,0,0,-1,0,0,0,,0,,0,,0,0,7732.5,0,1
17254607797,3843,8,8,8,8,28.841,0,0,0.11 | 0.11 | 0.11,0,1.73 | 2.10 | 2.52,0,1.59 | 1.91 | 2.31,7.732,0.000,0,1,0,0,0,0,-1,0,0,0,,0,,0,,0,0,7732.5,0,1
17254607798,3843,8,8,8,8,28.841,0,0,0.11 | 0.11 | 0.11,0,1.73 | 2.10 | 2.52,0,1.59 | 1.91 | 2.31,7.732,0.000,0,1,0,0,0,0,-1,0,0,0,,0,,0,,0,0,7732.5,0,1
17254607799,3843,8,8,8,8,28.841,0,0,0.11 | 0.11 | 0.11,0,1.73 | 2.10 | 2.52,0,1.59 | 1.91 | 2.31,7.732,0.000,0,1,0,0,0,0,-1,0,0,0,,0,,0,,0,0,7732.5,0,1
17254607800,3843,8,8,8,8,28.841,0,0,0.11 | 0.11 | 0.11,0,1.73 | 2.10 | 2.52,0,1.59 | 1.91 | 2.31,7.732,0.000,0,1,0,0,0,0,-1,0,0,0,,0,,0,,0,0,7732.5,0,1
17254607801,3843,8,8,8,8,27.779,0,0,0.11 | 0.11 | 0.11,0,1.73 | 2.10 | 2.52,0,1.59 | 1.91 | 2.31,7.732,0.000,0,1,0,0,0,0,-1,0,0,0,,0,,0,,0,0,7732.5,0,1
17254607802,3843,8,8,8,8,27.779,0,0,0.11 | 0.11 | 0.11,0,1.73 | 2.10 | 2.52,0,1.59 | 1.91 | 2.31,7.732,0.000,0,1,0,0,0,0,-1,0,0,0,,0,,0,,0,0,7732.5,0,1
17254607803,3843,8,8,8,8,27.779,0,0,0.11 | 0.11 | 0.11,0,1.73 | 2.10 | 2.52,0,1.59 | 1.91 | 2.31,7.732,0.000,0,1,0,0,0,0,-1,0,0,0,,0,,0,,0,0,7950.75,0,1
17254607804,3843,8,8,8,8,27.779,0,0,0.11 | 0.11 | 0.11,0,1.73 | 2.10 | 2.52,0,1.59 | 1.91 | 2.31,7.732,0.000,0,1,0,0,0,0,-1,0,0,0,,0,,0,,0,0,7950.75,0,1
17254607805,3843,8,8,8,8,27.779,0,0,0.11 | 0.11 | 0.11,0,1.73 | 2.10 | 2.52,0,1.59 | 1.91 | 2.31,7.732,0.000,0,1,0,0,0,0,-1,0,0,0,,0,,0,,0,0,7950.75,0,1
17254607806,3843,8,8,8,8,27.779,0,0,0.11 | 0.11 | 0.11,0,1.73 | 2.10 | 2.52,0,1.59 | 1.91 | 2.31,7.732,0.000,0,1,0,0,0,0,-1,0,0,0,,0,,0,,0,0,7950.75,0,1
17254607807,3843,8,8,8,8,27.779,0,0,0.11 | 0.11 | 0.11,0,1.73 | 2.10 | 2.52,0,1.59 | 1.91 | 2.31,7.732,0.000,0,1,0,0,0,0,-1,0,0,0,,0,,0,,0,0,7950.75,0,1
17254607808,3843,8,8,8,8,27.779,0,0,0.11 | 0.11 | 0.11,0,1.73 | 2.10 | 2.52,0,1.59 | 1.91 | 2.31,7.732,0.000,0,1,0,0,0,0,-1,0,0,0,,0,,0,,0,0,7950.75,0,1
17254607809,3843,8,8,8,8,27.779,0,0,0.11 | 0.11 | 0.11,0,1.73 | 2.10 | 2.52,0,1.59 | 1.91 | 2.31,7.732,0.000,0,1,0,0,0,0,-1,0,0,0,,0,,0,,0,0,7950.75,0,1
17254607810,3843,8,8,8,8,27.779,0,0,0.11 | 0.11 | 0.11,0,1.73 | 2.10 | 2.52,0,1.59 | 1.91 | 2.31,7.732,0.000,0,1,0,0,0,0,-1,0,0,0,,0,,0,,0,0,7950.75,0,1
17254607811,3843,8,8,8,8,31.517,0,0,0.11 | 0.11 | 0.11,0,1.73 | 1.92 | 2.29,0,1.74 | 2.08 | 2.31,7.951,0.000,0,1,0,0,0,0,-1,0,0,0,,0,,0,,0,0,7950.75,0,1
17254607812,3843,8,8,8,8,31.517,0,0,0.11 | 0.11 | 0.11,0,1.73 | 1.92 | 2.29,0,1.74 | 2.08 | 2.31,7.951,0.000,0,1,0,0,0,0,-1,0,0,0,,0,,0,,0,0,7950.75,0,1
17254607813,3843,8,8,8,8,31.517,0,0,0.11 | 0.11 | 0.11,0,1.73 | 1.92 | 2.29,0,1.74 | 2.08 | 2.31,7.951,0.000,0,1,0,0,0,0,-1,0,0,0,,0,,0,,0,0,7950.75,0,1
17254607814,3843,8,8,8,8,31.517,0,0,0.11 | 0.11 | 0.11,0,1.73 | 1.92 | 2.29,0,1.74 | 2.08 | 2.31,7.951,0.000,0,1,0,0,0,0,-1,0,0,0,,0,,0,,0,0,7950.75,0,1
17254607815,3843,8,8,8,8,31.517,0,0,0.11 | 0.11 | 0.11,0,1.73 | 1.92 | 2.29,0,1.74 | 2.08 | 2.31,7.951,0.000,0,1,0,0,0,0,-1,0,0,0,,0,,0,,0,0,7950.75,0,1
17254607816,3843,8,8,8,8,31.517,0,0,0.11 | 0.11 | 0.11,0,1.73 | 1.92 | 2.29,0,1.74 | 2.08 | 2.31,7.951,0.000,0,1,0,0,0,0,-1,0,0,0,,0,,0,,0,0,7950.75,0,1
17254607817,3843,8,8,8,8,31.517,0,0,0.11 | 0.11 | 0.11,0,1.73 | 1.92 | 2.29,0,1.74 | 2.08 | 2.31,7.951,0.000,0,1,0,0,0,0,-1,0,0,0,,0,,0,,0,0,7950.75,0,1
17254607818,3843,8,8,8,8,31.517,0,0,0.11 | 0.11 | 0.11,0,1.73 | 1.92 | 2.29,0,1.74 | 2.08 | 2.31,7.951,0.000,0,1,0,0,0,0,-1,0,0,0,,0,,0,,0,0,7950.75,0,1
17254607819,3843,8,8,8,8,31.517,0,0,0.11 | 0.11 | 0.11,0,1.73 | 1.92 | 2.29,0,1.74 | 2.08 | 2.31,7.951,0.000,0,1,0,0,0,0,-1,0,0,0,,0,,0,,0,0,7950.75,0,1
17254607820,3843,8,8,8,8,31.517,0,0,0.11 | 0.11 | 0.11,0,1.73 | 1.92 | 2.29,0,1.74 | 2.08 | 2.31,7.951,0.000,0,1,0,0,0,0,-1,0,0,0,,0,,0,,0,0,7950.75,0,1
17254607821,3843,8,8,8,8,30.454,0,0,0.11 | 0.11 | 0.11,0,1.73 | 1.92 | 2.29,0,1.74 | 2.08 | 2.31,7.951,0.000,0,1,0,0,0,0,-1,0,0,0,,0,,0,,0,0,7950.75,0,1
17254607822,3843,8,8,8,8,30.454,0,0,0.11 | 0.11 | 0.11,0,1.73 | 1.92 | 2.29,0,1.74 | 2.08 | 2.31,7.951,0.000,0,1,0,0,0,0,-1,0,0,0,,0,,0,,0,0,7950.75,0,1
17254607823,3843,8,8,8,8,30.454,0,0,0.11 | 0.11 | 0.11,0,1.73 | 1.92 | 2.29,0,1.74 | 2.08 | 2.31,7.951,0.000,0,1,0,0,0,0,-1,0,0,0,,0,,0,,0,0,7950.75,0,1
17254607824,3843,8,8,8,8,30.454,0,0,0.11 | 0.11 | 0.11,0,1.73 | 1.92 | 2.29,0,1.74 | 2.08 | 2.31,7.951,0.000,0,1,0,0,0,0,-1,0,0,0,,0,,0,,0,0,7950.75,0,1
17254607825,3843,8,8,8,8,30.454,0,0,0.11 | 0.11 | 0.11,0,1.73 | 1.92 | 2.29,0,1.74 | 2.08 | 2.31,7.951,0.000,0,1,0,0,0,0,-1,0,0,0,,0,,0,,0,0,7950.75,0,1
17254607826,3843,8,8,8,8,30.454,0,0,0.11 | 0.11 | 0.11,0,1.73 | 1.92 | 2.29,0,1.74 | 2.08 | 2.31,7.951,0.000,0,1,0,0,0,0,-1,0,0,0,,0,,0,,0,0,7950.75,0,1
17254607827,3843,8,8,8,8,30.454,0,0,0.11 | 0.11 | 0.11,0,1.73 | 1.92 | 2.29,0,1.74 | 2.08 | 2.31,7.951,0.000,0,1,0,0,0,0,-1,0,0,0,,0,,0,,0,0,7950.75,0,1
17254607828,3843,8,8,8,8,30.454,0,0,0.11 | 0.11 | 0.11,0,1.73 | 1.92 | 2.29,0,1.74 | 2.08 | 2.31,7.951,0.000,0,1,0,0,0,0,-1,0,0,0,,0,,0,,0,0,7950.75,0,1
17254607829,3843,8,8,8,8,30.454,0,0,0.11 | 0.11 | 0.11,0,1.73 | 1.92 | 2.29,0,1.74 | 2.08 | 2.31,7.951,0.000,0,1,0,0,0,0,-1,0,0,0,,0,,0,,0,0,7950.75,0,1
17254607830,3843,8,8,8,8,30.454,0,0,0.11 | 0.11 | 0.11,0,1.73 | 1.92 | 2.29,0,1.74 | 2.08 | 2.31,7.951,0.000,0,1,0,0,0,0,-1,0,0,0,,0,,0,,0,0,7950.75,0,1
17254607831,3843,8,8,8,8,29.657,0,0,0.11 | 0.11 | 0.11,0,1.73 | 1.92 | 2.29,0,1.74 | 2.08 | 2.31,7.951,0.000,0,1,0,0,0,0,-1,0,0,0,,0,,0,,0,0,7950.75,0,1
17254607832,3843,8,8,8,8,29.657,0,0,0.11 | 0.11 | 0.11,0,1.73 | 1.92 | 2.29,0,1.74 | 2.08 | 2.31,7.951,0.000,0,1,0,0,0,0,-1,0,0,0,,0,,0,,0,0,7950.75,0,1
17254607833,3843,8,8,8,8,29.657,0,0,0.11 | 0.11 | 0.11,0,1.73 | 1.92 | 2.29,0,1.74 | 2.08 | 2.31,7.951,0.000,0,1,0,0,0,0,-1,0,0,0,,0,,0,,0,0,7950.75,0,1
17254607834,3843,8,8,8,8,29.657,0,0,0.11 | 0.11 | 0.11,0,1.73 | 1.92 | 2.29,0,1.74 | 2.08 | 2.31,7.951,0.000,0,1,0,0,0,0,-1,0,0,0,,0,,0,,0,0,7950.75,0,1
17254607835,3843,8,8,8,8,29.657,0,0,0.11 | 0.11 | 0.11,0,1.73 | 1.92 | 2.29,0,1.74 | 2.08 | 2.31,7.951,0.000,0,1,0,0,0,0,-1,0,0,0,,0,,0,,0,0,7950.75,0,1
17254607836,3843,8,8,8,8,29.657,0,0,0.11 | 0.11 | 0.11,0,1.73 | 1.92 | 2.29,0,1.74 | 2.08 | 2.31,7.951,0.000,0,1,0,0,0,0,-1,0,0,0,,0,,0,,0,0,7950.75,0,1
17254607837,3843,8,8,8,8,29.657,0,0,0.11 | 0.11 | 0.11,0,1.73 | 1.92 | 2.29,0,1.74 | 2.08 | 2.31,7.951,0.000,0,1,0,0,0,0,-1,0,0,0,,0,,0,,0,0,7950.75,0,1
17254607838,3843,8,8,8,8,29.657,0,0,0.11 | 0.11 | 0.11,0,1.73 | 1.92 | 2.29,0,1.74 | 2.08 | 2.31,7.951,0.000,0,1,0,0,0,0,-1,0,0,0,,0,,0,,0,0,7950.75,0,1
17254607839,3843,8,8,8,8,29.657,0,0,0.11 | 0.11 | 0.11,0,1.73 | 1.92 | 2.29,0,1.74 | 2.08 | 2.31,7.951,0.000,0,1,0,0,0,0,-1,0,0,0,,0,,0,,0,0,7950.75,0,1
